GameID,PlayedID,PlayerName,TeamAbbreviation,Agent,ACS,Kills,Deaths,Assists,PlusMinus,KAST_Present,ADR,HS_Present,FirstKills,FirstDeaths,FKFD_PlusMinus,Num_2Ks,Num_3Ks,Num_4Ks,Num_5Ks,OnevOne,OnevTwo,OnevThree,OnevFour,OnevFive,Econ,Plants,Defuses
60894,8419,Reduxx,Boos,jett,313,24,10,3,14,0.65,195,0.31,4,4,0,2,2,2,0,1,0,0,0,0,74,0,0
60894,466,ChurmZ,Boos,chamber,227,16,10,7,6,0.9,161,0.16,1,1,0,3,1,0,0,0,0,0,0,0,67,2,0
60894,3712,diaamond,Boos,sova,226,17,9,8,8,0.85,148,0.27,3,0,3,1,2,0,0,1,0,0,0,0,58,3,0
60894,5099,Boltzy,Boos,viper,218,17,12,2,5,0.7,141,0.19,3,0,3,3,1,0,0,1,0,0,0,0,48,0,0
60894,3983,Virtyy,Boos,skye,80,5,13,3,-8,0.7,55,0.22,3,1,2,1,0,0,0,0,0,0,0,0,21,0,0
60894,16757,Cohburg,Pho,astra,229,15,16,5,-1,0.55,155,0.31,1,2,-1,3,2,0,0,0,0,0,0,0,62,1,0
60894,19293,evaD,Pho,sova,203,12,14,6,-2,0.65,151,0.22,0,0,0,1,1,0,0,0,1,0,0,0,73,1,0
60894,19291,Bobovo,Pho,chamber,173,12,16,2,-4,0.7,103,0.18,1,3,-2,2,0,0,0,0,0,0,0,0,42,0,0
60894,1080,Dopai,Pho,skye,125,9,15,1,-6,0.5,94,0.36,1,3,-2,0,0,1,0,0,0,0,0,0,42,0,0
60894,21542,Zento,Pho,viper,89,6,18,3,-12,0.45,57,0.22,3,6,-3,1,0,0,0,0,0,0,0,0,21,2,0
60895,3712,diaamond,Boos,sova,221,11,15,2,-4,0.47,133,0.31,0,2,-2,2,1,0,0,0,0,0,0,0,55,0,0
60895,3983,Virtyy,Boos,raze,169,8,14,3,-6,0.47,107,0.16,4,1,3,0,1,0,0,0,0,0,0,0,46,0,0
60895,5099,Boltzy,Boos,astra,149,8,12,0,-4,0.53,96,0.41,1,2,-1,2,0,0,0,0,0,0,0,0,43,0,1
60895,466,ChurmZ,Boos,chamber,148,6,15,4,-9,0.6,105,0.23,0,1,-1,1,0,0,0,0,0,0,0,0,42,0,0
60895,8419,Reduxx,Boos,skye,94,5,13,0,-8,0.4,54,0.33,0,4,-4,1,1,0,0,0,0,0,0,0,23,0,0
60895,1080,Dopai,Pho,raze,336,18,9,4,9,0.8,210,0.23,4,1,3,3,2,0,0,0,0,0,0,0,89,3,0
60895,19291,Bobovo,Pho,skye,310,20,8,5,12,0.87,188,0.18,2,2,0,0,4,0,0,0,0,0,0,0,80,2,0
60895,16757,Cohburg,Pho,viper,261,14,8,7,6,0.93,157,0.27,3,0,3,3,1,0,0,0,0,0,0,0,71,0,0
60895,19293,evaD,Pho,astra,160,10,4,11,6,1,100,0.19,1,0,1,1,0,0,0,0,0,0,0,0,67,1,0
60895,21542,Zento,Pho,sage,126,7,9,6,-2,0.8,98,0.21,0,2,-2,2,0,0,0,1,0,0,0,0,37,5,0
60896,8419,Reduxx,Boos,jett,339,25,14,5,11,0.86,225,0.33,4,4,0,4,2,1,0,0,0,0,0,0,105,0,0
60896,466,ChurmZ,Boos,chamber,192,16,14,1,2,0.57,138,0.37,2,2,0,6,0,0,0,1,0,0,0,0,61,2,2
60896,3983,Virtyy,Boos,skye,180,12,13,13,-1,0.62,120,0.27,2,2,0,4,0,0,0,1,0,1,0,0,54,0,2
60896,5099,Boltzy,Boos,astra,129,11,16,4,-5,0.62,86,0.46,1,3,-2,2,0,0,0,0,0,0,0,0,31,2,0
60896,3712,diaamond,Boos,sova,113,7,16,10,-9,0.76,84,0.18,1,0,1,0,1,0,0,1,0,0,0,0,38,6,0
60896,19291,Bobovo,Pho,viper,253,17,17,10,0,0.71,155,0.27,6,2,4,4,1,0,0,0,0,0,0,0,56,3,1
60896,1080,Dopai,Pho,kayo,243,20,13,6,7,0.76,157,0.23,4,1,3,1,1,2,0,0,0,0,0,0,61,2,0
60896,19293,evaD,Pho,sova,204,15,15,9,0,0.71,144,0.12,0,2,-2,2,0,1,0,0,1,0,0,0,56,1,0
60896,16757,Cohburg,Pho,killjoy,147,10,14,5,-4,0.57,95,0.18,1,2,-1,2,1,0,0,0,0,0,0,0,38,0,1
60896,21542,Zento,Pho,astra,144,11,13,6,-2,0.57,84,0.21,0,3,-3,4,0,0,0,0,0,0,0,0,38,2,0
60924,8926,Okin,Bjor,viper,346,24,11,5,13,0.84,229,0.26,4,1,3,5,2,0,0,0,1,0,0,0,94,1,1
60924,6432,Tkaz,Bjor,reyna,311,20,14,1,6,0.89,190,0.29,4,1,3,2,1,0,0,0,0,0,0,0,73,0,0
60924,5178,hyjinx,Bjor,jett,255,20,12,3,8,0.84,156,0.28,3,2,1,2,0,1,0,0,0,0,0,0,63,0,1
60924,21714,Coach,,sage,165,10,10,12,0,0.68,117,0.23,1,1,0,4,0,0,0,0,0,0,0,0,50,4,1
60924,3874,TEAGUE,Bjor,sova,103,8,13,7,-5,0.74,91,0.42,0,2,-2,3,0,0,0,1,0,0,0,0,36,2,1
60924,19668,kw0nst3r,Mugi,jett,317,21,16,4,5,0.84,208,0.33,3,1,2,4,1,0,0,0,0,0,0,0,80,0,0
60924,14640,hyunseo,Mugi,sova,181,10,15,4,-5,0.53,132,0.22,1,3,-2,2,1,0,0,0,0,0,0,0,54,1,1
60924,15645,pnk,Mugi,viper,178,12,15,4,-3,0.58,130,0.18,0,2,-2,3,1,0,0,0,0,0,0,0,60,1,0
60924,14644,Kryptic,Mugi,reyna,150,10,19,1,-9,0.53,104,0.25,3,5,-2,1,0,0,0,1,0,0,0,0,35,0,0
60924,14801,KryptWalk,Mugi,sage,111,6,17,10,-11,0.68,76,0.19,0,1,-1,1,0,0,0,0,0,0,0,0,26,7,0
60925,6432,Tkaz,Bjor,skye,354,29,16,5,13,0.91,225,0.23,1,2,-1,2,4,1,0,0,1,0,0,0,83,0,2
60925,3874,TEAGUE,Bjor,sova,262,18,14,14,4,0.86,189,0.19,1,0,1,5,0,0,0,0,0,0,0,0,79,3,1
60925,8926,Okin,Bjor,astra,217,17,17,7,0,0.77,156,0.42,2,3,-1,3,1,0,0,0,0,0,0,0,62,5,0
60925,5178,hyjinx,Bjor,jett,159,13,14,2,-1,0.68,106,0.23,4,4,0,4,0,0,0,0,0,0,0,0,64,1,0
60925,21714,Coach,,cypher,157,13,15,3,-2,0.64,114,0.26,4,1,3,2,0,0,0,1,0,0,0,0,44,1,1
60925,19668,kw0nst3r,Mugi,jett,248,20,19,3,1,0.64,149,0.27,6,3,3,3,2,0,0,0,0,0,0,0,51,0,0
60925,15645,pnk,Mugi,astra,213,18,17,9,1,0.82,127,0.13,1,1,0,2,1,0,0,1,1,0,0,0,53,3,2
60925,14644,Kryptic,Mugi,sova,201,13,18,11,-5,0.73,144,0.25,2,3,-1,2,1,0,0,0,0,0,0,0,58,0,2
60925,14640,hyunseo,Mugi,cypher,176,16,17,4,-1,0.73,116,0.2,0,2,-2,3,1,0,0,0,0,0,0,0,45,0,0
60925,14801,KryptWalk,Mugi,skye,119,9,19,14,-10,0.77,76,0.16,1,3,-2,1,0,0,0,0,0,0,0,0,27,3,2
60888,848,Kanpeki,Akre,chamber,214,16,15,0,1,0.6,136,0.36,3,1,2,3,2,0,0,0,0,1,0,0,57,1,1
60888,2164,Paincakes,Akre,sova,213,12,16,8,-4,0.75,159,0.4,1,0,1,2,0,0,0,0,0,0,0,0,69,0,1
60888,8496,gucc107,Akre,viper,207,13,18,3,-5,0.55,133,0.27,1,0,1,1,1,0,0,0,0,0,0,0,46,1,0
60888,619,C0M,Akre,skye,198,14,16,4,-2,0.6,137,0.44,3,5,-2,2,1,0,0,0,0,0,0,0,54,2,0
60888,4387,Neon,Akre,jett,94,7,16,3,-9,0.7,65,0.22,2,4,-2,2,0,0,0,0,0,0,0,0,28,0,0
60888,466,ChurmZ,Boos,chamber,304,22,14,5,8,0.75,209,0.2,4,2,2,1,4,0,0,0,0,0,0,0,80,0,1
60888,8419,Reduxx,Boos,jett,302,21,12,3,9,0.8,172,0.19,4,0,4,4,2,0,0,0,0,0,0,0,64,0,1
60888,3983,Virtyy,Boos,skye,243,18,15,5,3,0.65,163,0.29,2,4,-2,4,2,0,0,0,0,0,0,0,59,0,0
60888,5099,Boltzy,Boos,viper,136,12,12,4,0,0.7,100,0.52,0,2,-2,3,0,0,0,0,0,0,0,0,44,1,0
60888,3712,diaamond,Boos,sova,118,8,9,8,-1,0.75,84,0.18,0,2,-2,0,0,0,0,1,0,0,0,0,36,8,0
60889,4387,Neon,Akre,jett,295,22,10,3,12,0.9,163,0.16,5,1,4,4,2,0,0,0,0,0,0,0,62,0,1
60889,2164,Paincakes,Akre,sova,238,17,12,8,5,0.85,169,0.25,2,2,0,5,0,0,0,0,0,0,0,0,80,2,1
60889,848,Kanpeki,Akre,skye,227,17,17,7,0,0.85,140,0.29,5,1,4,3,1,1,0,0,0,0,0,0,50,2,0
60889,8496,gucc107,Akre,astra,184,15,11,8,4,0.75,120,0.17,1,0,1,3,0,1,0,0,0,0,0,0,48,5,0
60889,619,C0M,Akre,viper,164,11,11,10,0,0.85,120,0.16,0,3,-3,2,0,0,0,0,0,0,0,0,48,0,0
60889,3712,diaamond,Boos,viper,249,17,14,5,3,0.75,172,0.21,0,1,-1,3,1,0,0,1,0,0,0,0,74,1,1
60889,5099,Boltzy,Boos,astra,178,12,17,4,-5,0.7,115,0.34,4,1,3,3,0,0,0,0,1,0,0,0,51,1,0
60889,8419,Reduxx,Boos,jett,176,12,16,3,-4,0.6,111,0.18,2,4,-2,2,1,0,0,0,0,0,0,0,43,0,1
60889,3983,Virtyy,Boos,raze,154,11,17,2,-6,0.5,89,0.11,1,6,-5,0,0,1,0,0,0,0,0,0,34,0,1
60889,466,ChurmZ,Boos,sova,140,9,18,5,-9,0.5,91,0.13,0,1,-1,3,0,0,0,1,0,0,0,0,31,0,0
60890,4387,Neon,Akre,jett,358,20,12,6,8,0.88,213,0.2,8,2,6,3,2,1,0,0,0,0,0,0,90,0,0
60890,2164,Paincakes,Akre,sova,286,17,9,8,8,0.88,181,0.22,2,0,2,3,2,0,0,0,0,1,0,0,75,0,1
60890,8496,gucc107,Akre,astra,199,13,11,4,2,0.71,125,0.23,3,1,2,4,0,0,0,0,0,0,0,0,45,2,0
60890,848,Kanpeki,Akre,skye,188,13,9,5,4,0.71,123,0.3,0,0,0,1,2,0,0,0,0,0,0,0,53,1,1
60890,619,C0M,Akre,cypher,179,12,5,3,7,0.94,128,0.23,1,0,1,3,0,0,0,0,0,0,0,0,63,1,1
60890,466,ChurmZ,Boos,sova,184,11,16,3,-5,0.53,122,0.2,0,2,-2,0,2,0,0,0,0,0,0,0,49,0,0
60890,5099,Boltzy,Boos,astra,175,9,14,6,-5,0.59,118,0.38,1,2,-1,0,0,1,0,0,0,0,0,0,48,2,0
60890,3983,Virtyy,Boos,skye,170,10,14,6,-4,0.65,103,0.32,0,0,0,2,0,0,0,0,0,0,0,0,47,2,0
60890,8419,Reduxx,Boos,jett,168,9,15,2,-6,0.53,103,0.22,2,5,-3,1,0,1,0,0,1,0,0,0,41,2,0
60890,3712,diaamond,Boos,cypher,116,7,17,1,-10,0.41,73,0.26,0,5,-5,1,0,0,0,0,0,0,0,0,25,0,0
60903,156,Temperature,RAD,reyna,318,19,9,2,10,0.75,212,0.29,6,2,4,6,1,0,0,0,0,0,0,0,102,0,0
60903,3984,FIEND,RAD,chamber,307,19,8,3,11,1,182,0.16,5,1,4,5,0,0,0,0,0,0,0,0,100,0,1
60903,603,sSef,RAD,viper,260,15,5,11,10,1,191,0.35,0,0,0,3,0,0,0,0,0,0,0,0,92,1,0
60903,823,Rebo,RAD,astra,165,12,6,2,6,0.81,108,0.21,0,1,-1,3,1,0,0,0,0,0,0,0,54,0,0
60903,5157,venture,RAD,sova,161,9,5,11,4,0.94,117,0.19,1,0,1,2,0,0,0,0,0,0,0,0,53,3,1
60903,6419,Crit,same,reyna,189,9,15,3,-6,0.56,138,0.36,2,4,-2,1,0,0,0,0,0,0,0,0,56,0,0
60903,2125,Nanners,same,cypher,151,8,14,3,-6,0.44,102,0.41,1,2,-1,2,0,0,0,1,0,0,0,0,51,1,0
60903,3726,ethos,same,sova,131,6,15,3,-9,0.56,99,0.15,0,1,-1,0,0,0,0,0,0,0,0,0,39,0,1
60903,1765,ohai,same,viper,94,5,15,1,-10,0.5,67,0.17,1,2,-1,0,0,0,0,0,0,0,0,0,27,2,0
60903,893,RetrQ,same,jett,81,5,15,2,-10,0.31,51,0.4,0,3,-3,0,1,0,0,0,0,0,0,0,23,0,0
60904,603,sSef,RAD,viper,305,23,4,2,19,0.93,198,0.43,0,1,-1,2,4,0,0,0,1,0,0,0,99,0,0
60904,3984,FIEND,RAD,jett,290,17,8,2,9,0.87,171,0.15,3,2,1,2,2,0,0,1,0,0,0,0,75,1,0
60904,156,Temperature,RAD,reyna,229,12,11,6,1,0.87,167,0.23,1,2,-1,3,0,0,0,0,0,0,0,0,76,0,0
60904,823,Rebo,RAD,sage,218,11,8,4,3,0.8,140,0.38,4,1,3,1,0,0,0,1,0,0,0,0,52,0,0
60904,5157,venture,RAD,sova,182,10,9,11,1,0.73,115,0.14,0,1,-1,2,0,0,0,0,0,0,0,0,46,1,1
60904,2125,Nanners,same,killjoy,259,12,15,1,-3,0.53,160,0.21,1,1,0,4,0,0,0,1,0,0,0,0,68,1,0
60904,6419,Crit,same,raze,167,8,15,2,-7,0.47,115,0.19,1,0,1,2,0,0,0,0,0,0,0,0,45,0,0
60904,3726,ethos,same,sova,165,7,14,6,-7,0.53,116,0.16,0,2,-2,0,2,0,0,1,0,0,0,0,54,1,0
60904,893,RetrQ,same,jett,163,8,15,0,-7,0.47,102,0.59,4,4,0,0,1,0,0,0,0,0,0,0,43,0,0
60904,1765,ohai,same,viper,109,5,14,5,-9,0.67,77,0.32,1,1,0,0,0,0,0,0,0,0,0,0,34,1,0
60918,6416,jcrueL,Salt,jett,226,16,16,7,0,0.75,151,0.25,1,1,0,2,1,0,0,0,0,0,0,0,59,1,0
60918,3980,Governor,Salt,sova,223,14,16,9,-2,0.8,149,0.1,2,3,-1,3,0,0,0,0,0,0,0,0,55,3,0
60918,1129,Rossy,Salt,astra,211,18,12,10,6,0.75,159,0.46,1,1,0,1,3,0,0,0,1,1,0,0,63,4,0
60918,3880,bang,Salt,kayo,196,15,13,10,2,0.75,114,0.37,3,3,0,3,1,0,0,0,0,0,0,0,53,1,1
60918,733,stellar,Salt,killjoy,187,14,13,3,1,0.8,124,0.18,3,2,1,1,1,0,0,1,0,0,0,0,48,1,1
60918,6432,Tkaz,Bjor,skye,284,21,13,7,8,0.85,186,0.31,4,3,1,5,2,0,0,0,1,0,0,0,71,0,1
60918,3874,TEAGUE,Bjor,sova,218,14,15,7,-1,0.7,159,0.27,0,1,-1,3,1,0,0,1,0,0,0,0,63,0,1
60918,8926,Okin,Bjor,astra,198,14,17,8,-3,0.8,127,0.21,3,2,1,2,0,0,0,0,0,0,0,0,49,4,0
60918,5178,hyjinx,Bjor,jett,165,12,15,2,-3,0.65,103,0.33,0,2,-2,3,0,0,0,0,0,0,0,0,42,0,0
60918,21714,Coach,,killjoy,157,8,17,4,-9,0.65,115,0.18,3,2,1,2,0,0,0,0,0,0,0,0,44,0,0
60919,733,stellar,Salt,killjoy,237,22,17,6,5,0.77,161,0.24,2,2,0,4,1,0,0,1,0,0,0,0,61,2,0
60919,3880,bang,Salt,skye,232,25,19,3,6,0.77,147,0.47,4,0,4,1,2,1,0,0,1,0,0,0,50,4,0
60919,6416,jcrueL,Salt,jett,196,17,19,5,-2,0.81,121,0.13,4,1,3,2,0,0,0,0,1,0,0,0,48,2,2
60919,1129,Rossy,Salt,astra,179,17,18,5,-1,0.62,153,0.38,0,5,-5,2,1,1,0,1,0,0,0,0,55,1,0
60919,3980,Governor,Salt,sova,170,13,22,6,-9,0.54,111,0.36,4,4,0,3,0,0,0,0,0,0,0,0,34,4,0
60919,6432,Tkaz,Bjor,skye,261,23,21,6,2,0.73,185,0.22,5,4,1,5,3,0,0,0,0,0,0,0,60,0,0
60919,8926,Okin,Bjor,astra,233,22,19,9,3,0.85,164,0.29,1,2,-1,4,1,0,0,0,0,0,0,0,60,5,0
60919,5178,hyjinx,Bjor,jett,217,21,20,5,1,0.65,136,0.25,3,4,-1,3,2,0,0,0,0,0,0,0,56,2,0
60919,21714,Coach,,cypher,164,15,16,6,-1,0.69,120,0.27,2,1,1,3,1,0,0,0,1,0,0,0,40,0,1
60919,3874,TEAGUE,Bjor,sova,154,14,18,7,-4,0.69,105,0.22,1,3,-2,4,0,0,0,1,0,0,0,0,37,3,2
60921,14644,Kryptic,Mugi,raze,318,22,17,8,5,0.76,197,0.19,3,4,-1,3,1,2,0,0,0,0,0,0,71,1,1
60921,19668,kw0nst3r,Mugi,jett,222,18,10,4,8,0.86,143,0.2,1,2,-1,3,1,0,0,0,0,0,0,0,74,1,0
60921,15645,pnk,Mugi,astra,202,13,13,10,0,0.81,138,0.14,3,3,0,2,0,0,0,0,0,0,0,0,60,0,0
60921,14640,hyunseo,Mugi,sova,139,9,10,7,-1,0.81,93,0.21,2,1,1,2,0,0,0,0,0,0,0,0,35,1,1
60921,14801,KryptWalk,Mugi,skye,137,14,10,4,4,0.81,75,0.18,1,1,0,0,2,0,0,0,0,0,0,0,31,5,1
60921,14701,bungee,CLG,raze,215,13,18,7,-5,0.62,149,0.19,7,6,1,0,1,0,0,0,0,0,0,0,55,0,0
60921,5149,rise,CLG,astra,174,13,12,3,1,0.76,132,0.32,1,2,-1,0,1,0,0,0,0,0,0,0,61,0,1
60921,3062,bENITA,CLG,breach,165,12,17,7,-5,0.62,109,0.32,2,0,2,2,0,0,0,0,0,0,0,0,43,6,0
60921,3103,clawdia,CLG,kayo,144,11,14,3,-3,0.67,98,0.28,1,1,0,2,0,0,0,0,0,0,0,0,41,1,1
60921,14991,amnesia,CLG,cypher,127,11,15,0,-4,0.57,76,0.3,0,1,-1,3,0,0,0,0,0,0,0,0,31,1,0
60922,14640,hyunseo,Mugi,sova,340,27,14,3,13,0.71,207,0.35,3,0,3,1,2,2,1,0,0,0,0,0,83,0,1
60922,15645,pnk,Mugi,viper,262,20,13,8,7,0.81,160,0.1,2,2,0,4,1,0,0,1,0,0,0,0,62,0,2
60922,19668,kw0nst3r,Mugi,reyna,215,16,17,7,-1,0.71,154,0.16,3,1,2,2,0,1,0,0,0,0,0,0,63,0,1
60922,14644,Kryptic,Mugi,jett,170,11,16,4,-5,0.57,108,0.14,4,4,0,2,1,0,0,0,0,0,0,0,41,0,0
60922,14801,KryptWalk,Mugi,sage,117,8,11,11,-3,0.81,85,0.22,1,1,0,1,0,0,0,0,0,0,0,0,42,7,2
60922,14991,amnesia,CLG,killjoy,234,16,17,6,-1,0.76,150,0.14,1,2,-1,4,0,0,0,0,0,0,0,0,58,1,0
60922,3062,bENITA,CLG,sova,218,14,16,9,-2,0.86,163,0.35,1,0,1,3,1,0,0,0,0,1,0,0,62,4,0
60922,14701,bungee,CLG,sage,211,18,17,3,1,0.67,128,0.28,0,2,-2,3,1,0,0,0,0,0,0,0,46,5,0
60922,5149,rise,CLG,viper,210,15,15,4,0,0.76,140,0.23,3,1,2,1,1,0,0,0,0,0,0,0,68,0,0
60922,3103,clawdia,CLG,jett,124,8,17,4,-9,0.62,94,0.18,3,8,-5,0,1,0,0,0,0,0,0,0,41,1,0
60879,10463,PaRaDoXks,TR,jett,311,22,17,3,5,0.8,201,0.37,10,4,6,2,3,0,0,0,0,0,0,0,95,2,0
60879,15363,Mast3r,TR,killjoy,273,20,8,9,12,0.95,203,0.23,0,0,0,3,0,1,0,1,1,0,1,0,92,1,1
60879,4508,RelliK,TR,astra,222,18,14,8,4,0.9,148,0.27,2,0,2,3,1,0,0,0,0,0,0,0,60,0,0
60879,4504,CrosshaiR,TR,sova,197,15,14,6,1,0.7,142,0.27,1,2,-1,0,2,0,0,0,0,0,0,0,49,2,0
60879,15364,1TaPGoD,TR,breach,179,13,14,12,-1,0.85,127,0.29,1,0,1,2,1,0,0,0,1,0,0,0,47,1,2
60879,4795,Binks,T69,raze,282,17,18,7,-1,0.65,199,0.17,3,4,-1,3,2,0,0,1,0,0,0,0,69,0,0
60879,20377,wondRRRR,T69,sova,217,15,17,9,-2,0.65,138,0.23,2,2,0,3,2,0,0,0,0,0,0,0,52,5,0
60879,7485,ezzy,T69,astra,186,14,16,5,-2,0.75,133,0.28,1,2,-1,0,3,0,0,0,1,0,0,0,51,1,0
60879,4796,strixx,T69,jett,184,12,18,4,-6,0.65,136,0.17,0,2,-2,3,0,0,0,0,0,0,0,0,54,0,0
60879,5541,tryst,T69,killjoy,136,9,20,1,-11,0.5,97,0.22,0,4,-4,1,0,0,0,0,0,0,0,0,36,3,0
60880,10463,PaRaDoXks,TR,jett,271,22,21,5,1,0.71,169,0.29,9,8,1,3,1,1,0,0,0,0,0,0,89,0,0
60880,15363,Mast3r,TR,killjoy,244,23,13,3,10,0.67,159,0.21,0,1,-1,6,2,0,0,1,0,0,0,0,59,2,2
60880,15364,1TaPGoD,TR,breach,194,15,19,7,-4,0.75,127,0.33,1,3,-2,0,2,0,0,0,0,0,0,0,43,0,1
60880,4504,CrosshaiR,TR,sova,173,16,13,11,3,0.75,122,0.28,0,0,0,4,1,0,0,1,0,0,0,0,54,6,2
60880,4508,RelliK,TR,astra,171,14,20,5,-6,0.75,109,0.09,0,2,-2,4,0,0,0,0,0,0,0,0,36,1,0
60880,4796,strixx,T69,jett,255,24,18,3,6,0.71,154,0.21,2,2,0,4,3,0,0,0,2,0,0,0,60,0,1
60880,5541,tryst,T69,killjoy,250,19,16,10,3,0.83,180,0.24,2,1,1,1,2,0,0,0,0,0,0,0,73,4,1
60880,4795,Binks,T69,raze,249,20,19,4,1,0.75,182,0.18,4,3,1,3,1,0,0,0,0,0,0,0,66,0,0
60880,20377,wondRRRR,T69,sova,145,13,20,9,-7,0.63,88,0.13,3,0,3,3,0,0,0,1,0,0,0,0,31,3,1
60880,7485,ezzy,T69,astra,113,10,17,7,-7,0.71,77,0.37,3,4,-1,2,0,0,0,0,0,0,0,0,33,0,0
60882,619,C0M,Akre,killjoy,337,17,6,4,11,0.93,230,0.23,2,0,2,4,2,0,0,0,0,0,0,0,92,0,1
60882,4387,Neon,Akre,jett,272,14,5,3,9,0.93,179,0.33,2,1,1,3,1,0,0,0,0,0,0,0,66,0,0
60882,848,Kanpeki,Akre,kayo,263,14,8,10,6,1,169,0.12,1,0,1,2,0,1,0,0,0,0,0,0,62,0,0
60882,8496,gucc107,Akre,astra,252,14,8,7,6,0.79,167,0.24,1,5,-4,1,2,1,0,0,0,0,0,0,63,1,0
60882,2164,Paincakes,Akre,sova,139,8,4,2,4,0.86,92,0.3,2,0,2,0,0,0,0,1,0,0,0,0,44,0,1
60882,21985,squishys,,astra,194,9,13,1,-4,0.64,117,0.29,3,0,3,0,0,0,0,0,0,0,0,0,49,0,0
60882,21987,Pam,Squi,killjoy,193,8,13,0,-5,0.5,144,0.28,0,2,-2,0,1,0,0,0,0,0,0,0,67,0,0
60882,21989,Unnlucky,Squi,jett,129,5,13,1,-8,0.29,84,0.39,2,2,0,2,0,0,0,0,0,0,0,0,34,1,0
60882,21988,saizen,Squi,sova,96,5,14,1,-9,0.36,65,0.56,1,1,0,0,0,0,0,0,0,0,0,0,27,1,0
60882,21986,squishy,Squi,raze,95,4,14,1,-10,0.36,60,0.04,0,3,-3,1,0,0,0,0,0,0,0,0,25,0,0
60883,4387,Neon,Akre,jett,286,15,10,4,5,0.79,191,0.25,3,2,1,2,0,1,0,0,0,0,0,0,68,0,0
60883,848,Kanpeki,Akre,skye,275,16,8,4,8,0.93,161,0.32,3,1,2,5,0,0,0,0,0,0,0,0,59,0,0
60883,2164,Paincakes,Akre,sova,271,14,7,4,7,0.93,183,0.73,1,1,0,3,0,1,0,0,0,0,0,0,75,0,0
60883,8496,gucc107,Akre,astra,208,11,5,7,6,0.86,134,0.2,1,0,1,4,0,0,0,0,2,0,0,0,60,10,0
60883,619,C0M,Akre,viper,183,9,5,3,4,0.79,118,0.2,2,0,2,1,0,0,0,0,0,0,0,0,53,0,0
60883,21987,Pam,Squi,killjoy,201,9,13,1,-4,0.64,141,0.37,0,4,-4,0,0,1,0,0,0,0,0,0,57,0,0
60883,21988,saizen,Squi,sova,179,7,13,0,-6,0.5,114,0.54,1,1,0,2,0,0,0,0,0,0,0,0,48,0,0
60883,21985,squishys,,astra,176,8,12,2,-4,0.5,113,0.3,0,2,-2,1,1,0,0,0,0,0,0,0,46,0,0
60883,21989,Unnlucky,Squi,jett,129,6,13,1,-7,0.57,78,0.45,1,2,-1,1,0,0,0,0,0,0,0,0,35,0,0
60883,21986,squishy,Squi,raze,122,5,14,0,-9,0.43,74,0.17,2,1,1,0,0,0,0,0,0,0,0,0,28,0,0
60885,3983,Virtyy,Boos,reyna,402,22,6,2,16,0.93,263,0.24,3,0,3,3,2,1,0,0,0,0,0,0,109,0,1
60885,5099,Boltzy,Boos,viper,319,19,6,1,13,1,226,0.5,3,0,3,4,1,0,0,0,0,0,0,0,91,2,0
60885,8419,Reduxx,Boos,jett,221,12,7,6,5,0.87,150,0.2,2,3,-1,0,1,1,0,0,0,0,0,0,70,0,0
60885,466,ChurmZ,Boos,sova,176,11,7,7,4,0.93,120,0.21,0,0,0,0,0,0,0,0,0,0,0,0,54,2,0
60885,3712,diaamond,Boos,chamber,142,8,7,1,1,0.8,98,0.32,3,1,2,2,0,0,0,0,0,0,0,0,46,7,0
60885,16757,Cohburg,Pho,chamber,179,10,13,0,-3,0.6,113,0.27,2,3,-1,1,1,0,0,1,0,0,0,0,51,0,1
60885,1080,Dopai,Pho,sova,175,8,15,3,-7,0.53,117,0.37,1,0,1,1,0,0,0,0,0,0,0,0,50,1,0
60885,19291,Bobovo,Pho,jett,154,7,15,2,-8,0.53,101,0.23,1,5,-4,1,0,0,0,0,0,0,0,0,42,0,0
60885,21542,Zento,Pho,sage,122,6,15,4,-9,0.6,78,0.15,0,0,0,0,0,0,0,0,0,0,0,0,34,0,0
60885,19293,evaD,Pho,viper,73,2,14,3,-12,0.33,63,0.08,0,3,-3,0,0,0,0,0,0,0,0,0,30,0,1
60886,8419,Reduxx,Boos,jett,275,15,13,5,2,0.69,171,0.15,5,2,3,6,0,0,0,0,0,0,0,0,50,0,1
60886,466,ChurmZ,Boos,sova,250,13,9,7,4,0.88,155,0.17,4,0,4,5,0,0,0,0,0,0,0,0,58,3,0
60886,5099,Boltzy,Boos,astra,233,14,8,11,6,0.88,160,0.48,2,1,1,2,1,0,0,0,0,0,0,0,65,6,0
60886,3712,diaamond,Boos,cypher,227,18,6,1,12,0.81,135,0.17,0,1,-1,5,1,0,0,1,0,0,0,0,74,0,0
60886,3983,Virtyy,Boos,skye,193,12,10,4,2,0.75,139,0.38,0,1,-1,1,1,1,0,0,0,0,0,0,58,2,0
60886,16757,Cohburg,Pho,chamber,241,15,14,0,1,0.63,136,0.33,1,2,-1,3,1,0,0,0,0,0,0,0,55,0,0
60886,19291,Bobovo,Pho,viper,240,10,14,4,-4,0.63,161,0.31,2,1,1,3,0,0,0,0,0,0,0,0,65,0,0
60886,19293,evaD,Pho,sova,158,9,14,5,-5,0.63,111,0.28,1,1,0,0,1,0,0,0,0,1,0,0,45,0,2
60886,21542,Zento,Pho,astra,129,6,14,3,-8,0.63,88,0.2,1,2,-1,1,0,0,0,0,0,0,0,0,36,1,0
60886,1080,Dopai,Pho,kayo,121,6,16,4,-10,0.44,75,0.13,0,5,-5,1,0,0,0,0,0,0,0,0,31,0,0
60897,3984,FIEND,RAD,chamber,358,22,6,4,16,0.78,229,0.19,5,2,3,2,2,1,0,1,0,0,0,0,195,0,0
60897,5157,venture,RAD,sova,232,17,8,7,9,1,175,0.47,0,0,0,2,0,0,0,0,0,0,0,0,87,10,0
60897,823,Rebo,RAD,astra,214,14,13,2,1,0.83,132,0.36,3,4,-1,3,0,0,0,0,0,0,0,0,50,1,0
60897,156,Temperature,RAD,reyna,193,13,9,3,4,0.83,132,0.37,0,1,-1,4,0,0,0,0,0,0,0,0,64,0,0
60897,603,sSef,RAD,viper,159,12,10,6,2,0.83,115,0.39,2,1,1,2,0,0,0,0,0,0,0,0,61,0,1
60897,8414,dustee,Brol,reyna,208,12,16,4,-4,0.56,155,0.38,3,2,1,2,1,0,0,0,0,0,0,0,61,0,0
60897,21993,Gonchz,Brol,jett,155,9,16,1,-7,0.44,108,0.35,2,2,0,2,0,0,0,0,0,0,0,0,41,1,0
60897,21991,SimplyQ101,Brol,chamber,154,10,14,3,-4,0.44,103,0.18,1,1,0,3,0,0,0,0,0,0,0,0,43,0,0
60897,21990,CorvetteGaming,Brol,sova,131,9,16,3,-7,0.39,86,0.27,1,3,-2,4,0,0,0,1,0,0,0,0,33,0,1
60897,21992,potatolover23573,Brol,viper,106,6,16,2,-10,0.56,78,0.53,1,2,-1,0,0,0,0,0,0,0,0,0,28,2,0
60898,3984,FIEND,RAD,jett,360,21,9,2,12,0.81,210,0.27,8,2,6,3,2,1,0,0,0,1,0,0,84,0,0
60898,603,sSef,RAD,cypher,294,20,6,6,14,1,165,0.11,1,0,1,5,0,1,0,0,0,0,0,0,79,0,0
60898,823,Rebo,RAD,astra,233,16,7,7,9,0.88,146,0.4,1,2,-1,1,1,2,0,0,0,0,0,0,68,1,0
60898,5157,venture,RAD,sova,174,6,7,12,-1,0.94,135,0.09,0,0,0,0,1,0,0,0,0,0,0,0,61,3,0
60898,156,Temperature,RAD,reyna,166,11,11,4,0,0.69,109,0.29,1,1,0,2,1,0,0,0,0,0,0,0,52,0,0
60898,21991,SimplyQ101,Brol,killjoy,236,12,15,1,-3,0.63,144,0.21,3,0,3,2,1,0,0,1,0,0,0,0,60,0,0
60898,21993,Gonchz,Brol,jett,205,12,14,0,-2,0.5,124,0.43,2,3,-1,3,0,1,0,0,0,0,0,0,53,0,0
60898,8414,dustee,Brol,sova,159,7,14,4,-7,0.38,116,0.19,0,4,-4,0,1,0,0,0,0,0,0,0,48,3,0
60898,21992,potatolover23573,Brol,astra,142,7,15,2,-8,0.56,104,0.52,0,0,0,1,0,0,0,0,0,0,0,0,42,0,0
60898,21990,CorvetteGaming,Brol,skye,43,2,16,3,-14,0.31,26,0.13,0,4,-4,0,0,0,0,0,0,0,0,0,10,0,0
60900,3726,ethos,same,sova,271,17,16,6,1,0.78,181,0.26,1,0,1,4,1,0,0,0,0,0,0,0,69,0,1
60900,1765,ohai,same,viper,184,12,16,2,-4,0.44,121,0.33,1,4,-3,3,0,1,0,0,1,0,0,0,50,2,0
60900,2125,Nanners,same,killjoy,175,10,15,2,-5,0.67,108,0.28,2,3,-1,2,0,0,0,0,0,0,0,0,43,1,0
60900,893,RetrQ,same,jett,166,9,17,3,-8,0.44,123,0.36,0,2,-2,2,0,0,0,0,0,0,0,0,48,2,0
60900,6419,Crit,same,sage,146,9,16,1,-7,0.44,96,0.24,1,4,-3,1,1,0,0,0,0,0,0,0,35,3,0
60900,10025,Aura,Kowa,reyna,332,22,11,4,11,0.89,205,0.3,4,1,3,4,1,1,0,0,0,0,0,0,80,2,0
60900,14036,wraith,Kowa,sova,273,18,12,5,6,0.94,181,0.34,2,0,2,5,0,0,0,0,0,0,0,0,67,2,1
60900,5121,chanse,Kowa,killjoy,251,16,12,4,4,0.78,150,0.2,2,1,1,1,2,1,0,1,0,0,0,0,50,0,3
60900,8286,GLYPH,Kowa,viper,197,14,8,4,6,0.89,139,0.15,1,0,1,3,0,0,0,1,0,0,0,0,64,1,0
60900,8405,Awkua,Kowa,jett,153,10,14,3,-4,0.67,92,0.18,4,3,1,3,0,0,0,0,0,0,0,0,37,0,0
60901,6419,Crit,same,reyna,300,16,10,4,6,0.71,194,0.34,4,6,-2,3,0,1,0,0,0,0,0,0,78,0,0
60901,1765,ohai,same,viper,254,18,7,4,11,0.76,167,0.28,1,0,1,3,2,0,0,0,0,0,0,0,91,4,1
60901,893,RetrQ,same,jett,238,17,8,0,9,0.82,141,0.41,2,2,0,4,0,1,0,0,0,0,0,0,59,2,0
60901,3726,ethos,same,sova,143,9,11,2,-2,0.65,83,0.27,1,0,1,1,0,0,0,0,0,0,0,0,36,3,0
60901,2125,Nanners,same,cypher,123,8,10,5,-2,0.71,93,0.28,0,1,-1,1,0,0,0,1,0,0,0,0,35,0,0
60901,5121,chanse,Kowa,viper,254,15,13,4,2,0.76,153,0.29,2,2,0,2,2,0,0,0,0,0,0,0,66,0,1
60901,8286,GLYPH,Kowa,chamber,227,13,13,2,0,0.59,136,0.27,2,0,2,1,1,0,0,0,0,0,0,0,68,0,0
60901,8405,Awkua,Kowa,jett,140,7,12,4,-5,0.53,93,0.26,2,2,0,2,0,0,0,0,0,0,0,0,39,1,0
60901,10025,Aura,Kowa,skye,115,6,15,2,-9,0.41,65,0.26,3,1,2,1,0,0,0,0,0,0,0,0,26,0,0
60901,14036,wraith,Kowa,sova,72,5,15,5,-10,0.47,51,0.36,0,3,-3,1,0,0,0,0,0,0,0,0,23,0,0
60902,6419,Crit,same,reyna,258,18,11,6,7,0.79,181,0.29,2,1,1,5,1,0,0,0,0,0,0,0,74,0,0
60902,1765,ohai,same,astra,247,19,10,6,9,0.79,172,0.35,4,1,3,2,2,0,0,0,0,0,0,0,65,5,1
60902,893,RetrQ,same,jett,218,16,10,2,6,0.84,141,0.26,4,0,4,2,1,0,0,1,0,0,0,0,74,0,1
60902,3726,ethos,same,sova,208,14,10,12,4,0.89,137,0.15,3,0,3,3,0,0,0,0,0,0,0,0,70,1,0
60902,2125,Nanners,same,killjoy,204,13,11,6,2,0.84,152,0.17,3,1,2,3,1,0,0,0,0,0,0,0,64,0,0
60902,10025,Aura,Kowa,skye,229,13,16,3,-3,0.58,156,0.28,1,1,0,3,1,0,0,0,0,0,0,0,64,1,0
60902,8286,GLYPH,Kowa,astra,202,15,18,3,-3,0.58,104,0.29,1,2,-1,2,2,0,0,0,0,0,0,0,38,3,0
60902,14036,wraith,Kowa,sova,187,11,14,4,-3,0.63,129,0.25,0,1,-1,2,0,0,0,1,0,0,0,0,52,2,1
60902,5121,chanse,Kowa,killjoy,121,5,16,4,-11,0.47,100,0.16,0,4,-4,0,0,0,0,0,0,0,0,0,36,1,0
60902,8405,Awkua,Kowa,jett,116,8,16,2,-8,0.32,85,0.22,1,8,-7,2,1,0,0,0,0,0,0,0,32,0,0
60912,6416,jcrueL,Salt,jett,288,24,18,3,6,0.58,170,0.42,6,2,4,3,0,3,0,0,0,0,0,0,78,0,0
60912,3880,bang,Salt,reyna,251,20,17,3,3,0.71,167,0.34,2,4,-2,3,2,0,0,0,0,1,0,0,66,1,0
60912,1129,Rossy,Salt,viper,201,16,16,8,0,0.75,135,0.26,2,1,1,3,0,0,0,1,0,0,0,0,48,2,1
60912,3980,Governor,Salt,sova,200,16,18,7,-2,0.63,129,0.3,3,0,3,3,1,0,0,1,1,0,0,0,49,1,0
60912,733,stellar,Salt,sage,150,12,19,10,-7,0.71,122,0.37,1,3,-2,2,0,0,0,0,0,0,0,0,40,3,0
60912,14640,hyunseo,Mugi,sova,294,25,17,5,8,0.71,198,0.25,0,0,0,4,3,0,0,0,0,0,0,0,79,1,1
60912,14644,Kryptic,Mugi,jett,253,19,18,6,1,0.71,160,0.24,5,4,1,6,0,0,0,0,1,0,0,0,67,0,0
60912,19668,kw0nst3r,Mugi,reyna,250,23,21,7,2,0.83,156,0.26,3,1,2,6,0,0,0,0,0,0,0,0,57,1,0
60912,15645,pnk,Mugi,viper,138,12,16,9,-4,0.83,92,0.21,1,5,-4,3,0,0,0,0,0,0,0,0,43,1,1
60912,14801,KryptWalk,Mugi,sage,104,9,16,6,-7,0.71,64,0.26,1,4,-3,2,0,0,0,0,0,0,0,0,26,1,2
60913,3880,bang,Salt,raze,390,26,9,5,17,0.94,243,0.3,2,1,1,3,5,0,0,1,0,0,0,0,99,2,0
60913,3980,Governor,Salt,skye,256,17,8,12,9,0.78,182,0.29,2,2,0,4,1,0,0,1,0,0,0,0,79,1,0
60913,1129,Rossy,Salt,astra,205,14,8,2,6,0.78,133,0.34,3,3,0,2,2,0,0,0,0,0,0,0,70,2,0
60913,6416,jcrueL,Salt,jett,201,12,10,4,2,0.78,139,0.23,4,1,3,1,1,0,0,0,0,0,0,0,71,1,1
60913,733,stellar,Salt,viper,163,10,8,6,2,0.83,125,0.22,0,0,0,2,0,0,0,0,0,0,0,0,68,0,0
60913,19668,kw0nst3r,Mugi,reyna,229,16,14,2,2,0.5,143,0.19,3,2,1,2,2,1,0,1,0,0,0,0,61,0,0
60913,14644,Kryptic,Mugi,raze,166,9,17,5,-8,0.56,103,0.13,3,5,-2,3,0,0,0,0,0,0,0,0,40,0,0
60913,14640,hyunseo,Mugi,skye,130,7,15,12,-8,0.67,80,0.18,1,2,-1,1,0,0,0,0,0,0,0,0,30,1,0
60913,15645,pnk,Mugi,astra,108,5,17,6,-12,0.44,79,0.14,0,2,-2,1,0,0,0,0,0,0,0,0,30,2,0
60913,14801,KryptWalk,Mugi,sage,107,6,16,9,-10,0.44,71,0.1,0,0,0,2,0,0,0,0,0,0,0,0,29,2,0
60915,6432,Tkaz,Bjor,skye,339,20,8,3,12,1,212,0.27,2,1,1,8,0,0,0,0,0,0,0,0,89,0,0
60915,8926,Okin,Bjor,astra,296,18,7,10,11,0.88,214,0.23,3,0,3,4,1,0,0,0,0,0,0,0,89,2,0
60915,5178,hyjinx,Bjor,jett,238,13,5,1,8,0.81,145,0.23,3,2,1,2,1,0,0,0,0,0,0,0,66,0,1
60915,3874,TEAGUE,Bjor,sova,225,15,6,3,9,0.94,130,0.12,1,1,0,2,1,0,0,0,0,0,0,0,53,1,2
60915,21714,Coach,,cypher,134,8,7,2,1,0.81,82,0.32,2,1,1,1,1,0,0,0,0,0,0,0,45,0,2
60915,3062,bENITA,CLG,sova,154,7,16,1,-9,0.31,97,0.25,3,4,-1,2,0,0,0,0,0,0,0,0,35,1,0
60915,3103,clawdia,CLG,jett,152,8,14,1,-6,0.38,125,0.31,0,3,-3,1,1,0,0,0,0,0,0,0,54,1,0
60915,5149,rise,CLG,astra,132,5,16,5,-11,0.5,94,0.19,1,0,1,1,0,0,0,0,0,0,0,0,37,3,0
60915,14991,amnesia,CLG,cypher,130,7,13,1,-6,0.56,100,0.12,1,1,0,1,0,0,0,0,1,0,0,0,47,0,0
60915,14701,bungee,CLG,skye,96,6,15,0,-9,0.38,61,0.19,0,3,-3,1,0,0,0,0,0,0,0,0,25,1,0
60916,3874,TEAGUE,Bjor,sova,369,20,3,6,17,0.93,237,0.45,1,0,1,3,3,1,0,1,1,0,0,0,118,2,2
60916,5178,hyjinx,Bjor,jett,256,14,8,2,6,0.87,156,0.22,4,0,4,1,2,0,0,0,0,0,0,0,64,2,0
60916,6432,Tkaz,Bjor,reyna,250,15,10,2,5,0.8,182,0.29,2,1,1,2,0,1,0,0,0,0,0,0,63,0,0
60916,8926,Okin,Bjor,viper,220,13,9,6,4,0.8,140,0.18,2,4,-2,1,2,0,0,0,0,0,0,0,67,1,0
60916,21714,Coach,,sage,178,10,8,9,2,0.87,125,0.63,1,0,1,1,1,0,0,0,0,0,0,0,58,7,0
60916,3103,clawdia,CLG,jett,213,10,14,1,-4,0.47,126,0.3,4,5,-1,4,0,0,0,0,0,0,0,0,63,1,0
60916,14701,bungee,CLG,sage,198,11,15,2,-4,0.67,116,0.23,0,2,-2,3,0,0,0,0,0,0,0,0,44,1,0
60916,14991,amnesia,CLG,killjoy,191,8,14,3,-6,0.53,141,0.16,0,1,-1,0,0,1,0,0,0,0,0,0,56,0,0
60916,3062,bENITA,CLG,sova,125,6,14,3,-8,0.6,97,0.25,1,1,0,1,0,0,0,0,1,0,0,0,45,0,2
60916,5149,rise,CLG,viper,84,3,15,2,-12,0.33,69,0.1,0,1,-1,0,0,0,0,0,0,0,0,0,27,0,0
60862,20182,Frebik,CL,viper,331,20,7,10,13,1,213,0.21,1,0,1,3,1,1,0,0,0,0,0,0,103,1,0
60862,15451,BeasT,CL,reyna,293,17,8,8,9,0.94,176,0.15,4,3,1,2,1,1,0,0,0,0,0,0,68,0,0
60862,15448,BUTTSAHAB,CL,jett,274,16,12,3,4,0.69,160,0.28,4,2,2,2,3,0,0,0,0,0,0,0,59,0,0
60862,20181,Khattak,,sova,184,12,7,6,5,0.94,117,0.23,0,0,0,2,1,0,0,2,0,0,0,0,54,3,0
60862,21917,OnHeAd,CL,sage,173,10,9,11,1,0.88,107,0.2,2,0,2,2,0,0,0,0,0,0,0,0,47,7,0
60862,20191,hzINSANE,Arrow,sage,252,15,13,10,2,0.94,151,0.28,0,1,-1,5,0,0,0,0,0,0,0,0,62,0,2
60862,15446,Protagonist,Arrow,jett,218,10,14,4,-4,0.75,162,0.12,2,5,-3,2,0,0,0,0,0,0,0,0,76,0,0
60862,20190,shanee,Arrow,viper,178,9,16,4,-7,0.56,114,0.26,2,2,0,2,0,0,0,0,1,0,0,0,52,0,0
60862,15447,gothchild,Arrow,reyna,114,5,16,3,-11,0.44,80,0.06,1,2,-1,0,0,0,0,0,0,0,0,0,32,0,0
60862,15438,MSK,Arrow,sova,101,4,16,5,-12,0.44,72,0.18,0,1,-1,1,0,0,0,0,0,0,0,0,30,0,0
60863,20181,Khattak,,sova,356,25,7,6,18,0.94,226,0.4,1,0,1,5,3,0,0,0,1,0,0,0,104,1,1
60863,15448,BUTTSAHAB,CL,jett,236,13,13,4,0,0.83,151,0.22,6,2,4,2,0,0,0,0,0,0,0,0,60,1,1
60863,21917,OnHeAd,CL,cypher,215,14,10,4,4,0.78,142,0.21,2,2,0,4,0,0,0,0,0,0,0,0,67,1,1
60863,20182,Frebik,CL,breach,171,14,10,5,4,0.78,100,0.14,0,2,-2,2,2,0,0,0,0,0,0,0,45,4,1
60863,15451,BeasT,CL,astra,143,9,10,8,-1,0.89,96,0.13,1,2,-1,0,2,0,0,0,0,0,0,0,39,2,1
60863,15446,Protagonist,Arrow,jett,254,15,15,3,0,0.83,153,0.19,4,3,1,1,2,0,0,1,0,0,0,0,61,0,1
60863,20191,hzINSANE,Arrow,skye,194,14,14,3,0,0.72,126,0.21,0,0,0,5,0,0,0,1,0,0,0,0,49,1,1
60863,15447,gothchild,Arrow,killjoy,160,8,15,3,-7,0.56,114,0.22,3,3,0,1,1,0,0,0,0,0,0,0,43,1,0
60863,15438,MSK,Arrow,sova,129,7,16,2,-9,0.44,89,0.35,1,2,-1,0,0,0,0,0,0,0,0,0,35,3,0
60863,20190,shanee,Arrow,astra,89,6,15,7,-9,0.67,65,0.17,0,2,-2,2,0,0,0,0,0,0,0,0,26,1,0
60876,3273,Busterrr,VL,killjoy,272,21,11,2,10,0.76,162,0.19,3,4,-1,4,2,0,0,0,0,0,0,0,72,1,1
60876,17297,JN,VL,jett,224,15,17,2,-2,0.62,148,0.24,6,3,3,4,0,1,0,0,0,0,0,0,57,0,0
60876,3639,Hoax,VL,breach,223,18,14,11,4,0.76,139,0.26,1,1,0,3,2,0,0,0,0,0,0,0,51,0,1
60876,15252,BuLL3T,VL,sova,176,12,13,8,-1,0.86,123,0.28,1,1,0,2,1,0,0,0,0,0,0,0,47,1,0
60876,8050,Pashasahil,VL,astra,138,9,12,14,-3,0.62,109,0.17,0,1,-1,3,1,0,0,0,1,0,0,0,46,8,0
60876,10757,Cactus,FS,jett,279,19,19,4,0,0.67,173,0.27,5,4,1,0,2,1,0,0,0,0,0,0,64,0,0
60876,8048,BadmaN,FS,astra,199,17,15,1,2,0.67,143,0.27,0,2,-2,5,0,0,0,0,0,0,0,0,56,3,0
60876,17295,DominiK,FS,skye,168,13,14,7,-1,0.62,98,0.34,4,2,2,3,1,0,0,0,0,0,0,0,38,0,1
60876,10759,B2,FS,killjoy,159,12,13,4,-1,0.71,112,0.21,1,1,0,2,0,0,0,1,0,0,0,0,45,1,1
60876,10758,Kohliii,FS,sova,122,6,14,7,-8,0.71,98,0.33,0,2,-2,1,0,0,0,0,0,0,0,0,39,2,0
60877,3273,Busterrr,VL,reyna,269,22,19,5,3,0.67,164,0.16,3,4,-1,4,1,1,0,0,0,0,0,0,53,0,1
60877,3639,Hoax,VL,sage,219,20,16,12,4,0.71,154,0.16,1,2,-1,4,1,0,0,0,0,0,0,0,63,3,2
60877,17297,JN,VL,jett,214,20,19,3,1,0.75,139,0.28,3,5,-2,3,2,0,0,0,1,0,0,0,49,1,1
60877,15252,BuLL3T,VL,sova,209,15,23,11,-8,0.83,152,0.21,1,1,0,2,0,0,0,0,0,0,0,0,56,0,0
60877,8050,Pashasahil,VL,viper,157,12,16,8,-4,0.75,105,0.18,2,2,0,2,0,0,0,0,0,0,0,0,47,4,1
60877,10757,Cactus,FS,jett,315,25,23,5,2,0.71,197,0.26,6,4,2,7,2,0,0,0,0,0,0,0,64,1,0
60877,8048,BadmaN,FS,killjoy,262,23,15,3,8,0.75,158,0.3,3,2,1,6,1,0,0,1,1,0,0,0,68,1,2
60877,10759,B2,FS,sage,240,21,16,16,5,0.88,152,0.31,1,1,0,3,0,1,0,0,1,0,0,0,61,4,0
60877,10758,Kohliii,FS,sova,200,15,17,10,-2,0.75,154,0.21,1,0,1,4,0,0,0,1,0,0,0,0,55,4,0
60877,17295,DominiK,FS,viper,129,9,18,10,-9,0.67,87,0.34,3,3,0,1,1,0,0,0,0,0,0,0,32,0,1
60878,3273,Busterrr,VL,killjoy,342,29,15,4,14,0.83,226,0.2,5,2,3,4,2,1,0,0,1,0,0,0,95,2,0
60878,17297,JN,VL,jett,235,21,15,5,6,0.67,162,0.23,2,5,-3,4,1,1,0,0,0,0,0,0,65,1,1
60878,15252,BuLL3T,VL,sage,219,19,17,9,2,0.88,152,0.32,2,5,-3,2,1,1,0,0,0,0,0,0,52,2,0
60878,3639,Hoax,VL,kayo,165,14,16,10,-2,0.83,117,0.19,2,0,2,3,0,0,0,0,0,0,0,0,44,4,0
60878,8050,Pashasahil,VL,astra,113,9,17,8,-8,0.67,86,0.17,1,0,1,2,0,0,0,0,1,0,0,0,29,1,1
60878,8048,BadmaN,FS,astra,223,19,19,4,0,0.58,149,0.29,4,3,1,4,0,1,0,0,0,0,0,0,59,2,0
60878,10757,Cactus,FS,jett,206,16,21,3,-5,0.58,125,0.27,6,5,1,2,1,0,0,0,0,0,0,0,49,1,0
60878,17295,DominiK,FS,viper,200,18,16,4,2,0.58,135,0.31,0,2,-2,4,0,1,0,1,1,0,0,0,53,3,2
60878,10759,B2,FS,killjoy,188,14,17,5,-3,0.63,149,0.26,2,0,2,5,0,0,0,0,0,0,0,0,65,0,0
60878,10758,Kohliii,FS,breach,163,13,19,2,-6,0.5,114,0.29,0,2,-2,2,2,0,0,0,1,0,0,0,45,2,2
60781,4871,tehbotoL,BME,raze,313,24,19,3,5,0.74,195,0.2,6,4,2,6,1,1,0,0,0,0,0,0,74,0,1
60781,4874,BerserX,BME,jett,239,20,15,2,5,0.78,150,0.38,7,2,5,6,0,0,0,0,0,0,0,0,67,0,0
60781,4872,frostmind,BME,sova,211,19,17,2,2,0.74,142,0.36,1,0,1,4,1,0,0,1,0,0,0,0,50,1,1
60781,1743,blaZek1ng,BME,astra,182,14,17,5,-3,0.61,143,0.36,1,2,-1,3,1,0,0,1,1,0,0,0,59,0,0
60781,7045,fl1pzjder,BME,breach,143,10,18,9,-8,0.61,108,0.18,0,0,0,3,0,0,0,0,0,0,0,0,43,5,0
60781,7441,zeeq,KGM,sage,279,23,16,7,7,0.78,174,0.31,3,1,2,5,1,1,0,1,0,0,0,0,60,2,1
60781,7531,nomfu,KGM,jett,267,23,15,4,8,0.78,166,0.32,1,1,0,5,2,0,0,1,0,0,0,0,70,0,1
60781,7440,1van,KGM,breach,191,17,19,2,-2,0.7,123,0.17,0,3,-3,5,1,0,0,1,0,0,0,0,45,5,0
60781,7443,Riza,KGM,sova,178,13,21,7,-8,0.74,116,0.2,3,6,-3,3,0,0,0,0,0,0,0,0,42,2,0
60781,3480,theDoctorr,KGM,astra,113,10,16,7,-6,0.61,80,0.59,1,4,-3,1,1,0,0,1,0,1,0,0,36,0,0
60782,7045,fl1pzjder,BME,skye,310,25,12,5,13,0.86,201,0.38,3,1,2,5,4,0,0,1,0,0,0,0,86,1,1
60782,4874,BerserX,BME,raze,292,20,14,5,6,0.86,199,0.17,4,3,1,4,0,1,0,0,0,0,0,0,74,2,0
60782,4872,frostmind,BME,killjoy,177,13,13,3,0,0.76,119,0.11,1,2,-1,2,0,0,0,0,0,0,0,0,48,1,0
60782,1743,blaZek1ng,BME,sage,170,13,12,9,1,0.76,102,0.23,2,3,-1,2,0,1,0,0,0,0,0,0,40,3,0
60782,4871,tehbotoL,BME,astra,153,11,12,6,-1,0.86,108,0.23,1,1,0,1,1,0,0,1,0,0,0,0,47,1,1
60782,3480,theDoctorr,KGM,omen,201,14,16,7,-2,0.67,142,0.25,4,1,3,4,0,0,0,1,0,0,0,0,57,2,1
60782,7440,1van,KGM,viper,198,13,16,8,-3,0.67,138,0.22,1,3,-2,4,0,0,0,0,0,0,0,0,53,1,0
60782,7531,nomfu,KGM,jett,186,15,17,0,-2,0.57,103,0.35,3,3,0,4,0,0,0,0,0,0,0,0,38,0,0
60782,7443,Riza,KGM,skye,159,11,17,5,-6,0.62,119,0.27,2,4,-2,1,0,0,0,0,0,0,0,0,47,1,0
60782,7441,zeeq,KGM,cypher,144,10,16,3,-6,0.52,116,0.19,0,0,0,1,0,0,0,0,1,0,0,0,46,1,1
60859,15449,soulM8,TE,viper,247,19,13,10,6,0.81,153,0.25,2,1,1,3,2,0,0,0,2,0,0,0,68,4,0
60859,17648,k1Ng,TE,cypher,240,17,16,4,1,0.71,158,0.2,2,3,-1,5,0,0,0,0,0,0,0,0,57,0,1
60859,15458,shooterR,TE,jett,222,17,13,1,4,0.67,143,0.22,4,4,0,3,1,0,0,2,0,0,0,0,60,0,3
60859,15444,HSB,TE,skye,205,15,17,6,-2,0.86,141,0.3,0,3,-3,2,0,0,0,0,0,0,0,0,54,0,0
60859,15437,SH4KA,TE,sova,146,11,14,4,-3,0.71,107,0.3,0,2,-2,2,0,0,0,1,0,0,0,0,51,3,0
60859,15450,Hatz,FL,skye,237,18,15,7,3,0.67,147,0.24,3,1,2,2,3,0,0,0,0,0,0,0,63,1,2
60859,15441,KriminaL,FL,sova,209,15,15,7,0,0.67,140,0.31,3,2,1,3,0,1,0,0,0,0,0,0,54,0,0
60859,15439,Kasper,FL,viper,179,16,14,1,2,0.62,122,0.33,0,0,0,2,1,0,0,0,1,0,0,0,47,7,0
60859,15455,tr1ck,FL,jett,173,11,19,6,-8,0.62,123,0.23,3,0,3,1,1,0,0,0,0,0,0,0,40,0,0
60859,15443,traNz,FL,killjoy,172,13,16,2,-3,0.67,114,0.17,4,5,-1,2,0,0,0,0,0,0,0,0,45,1,0
60860,15458,shooterR,TE,raze,289,25,12,3,13,0.74,190,0.29,5,2,3,5,0,0,1,0,0,0,0,0,72,0,0
60860,17648,k1Ng,TE,cypher,284,23,16,7,7,0.78,159,0.16,5,2,3,2,4,0,0,0,0,0,0,0,65,0,0
60860,15449,soulM8,TE,viper,182,13,14,10,-1,0.61,126,0.24,2,3,-1,4,0,0,0,0,0,0,0,0,45,0,0
60860,15437,SH4KA,TE,brimstone,159,13,15,7,-2,0.74,103,0.17,1,1,0,3,0,0,0,0,0,0,0,0,42,4,0
60860,15444,HSB,TE,breach,157,12,15,5,-3,0.65,106,0.26,1,1,0,0,2,0,0,0,0,0,0,0,40,2,0
60860,15441,KriminaL,FL,breach,275,22,16,3,6,0.65,168,0.25,4,2,2,4,1,1,0,0,0,0,0,0,72,1,0
60860,15450,Hatz,FL,astra,186,15,17,7,-2,0.74,109,0.32,3,1,2,2,1,0,0,1,0,0,0,0,46,0,0
60860,15443,traNz,FL,killjoy,185,15,18,1,-3,0.78,124,0.31,1,2,-1,2,1,0,0,0,0,0,0,0,47,0,0
60860,15455,tr1ck,FL,raze,157,11,18,3,-7,0.48,122,0.18,1,4,-3,2,1,0,0,0,0,0,0,0,46,0,0
60860,15439,Kasper,FL,viper,105,9,17,6,-8,0.57,78,0.15,0,5,-5,2,0,0,0,0,0,0,0,0,33,2,1
60779,21334,KLF,GFS,sova,294,19,12,12,7,0.84,185,0.09,3,0,3,6,0,0,0,1,1,0,0,0,79,1,2
60779,8156,Mojo,GFS,killjoy,285,21,11,6,10,0.84,190,0.22,1,0,1,4,2,0,0,0,0,1,0,0,63,1,1
60779,21336,JxN,GFS,jett,220,16,13,5,3,0.68,125,0.18,4,4,0,1,2,1,0,0,0,0,0,0,42,0,0
60779,21335,azm,GFS,skye,199,13,14,5,-1,0.79,136,0.17,3,3,0,2,0,0,0,1,0,0,0,0,52,3,0
60779,21333,zyf,GFS,astra,156,11,15,4,-4,0.68,113,0.56,0,1,-1,3,0,0,0,0,0,0,0,0,51,1,0
60779,21695,DEATHLESS,N9,jett,264,17,16,2,1,0.68,167,0.18,3,1,2,5,0,0,0,0,0,0,0,0,72,2,0
60779,21978,Nautilus,N9,reyna,248,17,15,2,2,0.63,161,0.14,2,4,-2,4,1,0,0,1,0,0,0,0,69,1,0
60779,21984,Azuura,N9,sova,208,13,16,7,-3,0.79,148,0.38,3,2,1,2,0,1,0,0,0,0,0,0,61,4,0
60779,21977,Fl1pd,N9,astra,196,12,18,6,-6,0.68,134,0.36,0,2,-2,3,1,0,0,0,0,0,0,0,42,1,0
60779,21979,Evon,N9,killjoy,92,6,15,1,-9,0.63,79,0.14,0,2,-2,0,0,0,0,0,0,0,0,0,33,0,0
60780,21335,azm,GFS,skye,307,17,10,6,7,1,173,0.24,3,1,2,1,2,1,0,0,1,0,0,0,66,5,1
60780,21336,JxN,GFS,jett,303,17,11,4,6,0.87,197,0.35,3,3,0,4,0,0,1,0,0,0,0,0,79,1,0
60780,21334,KLF,GFS,sova,215,13,7,5,6,0.8,149,0.31,0,1,-1,3,1,0,0,0,0,0,0,0,82,1,0
60780,8156,Mojo,GFS,killjoy,214,12,6,4,6,0.93,131,0.24,2,1,1,2,1,0,0,0,0,0,0,0,57,1,0
60780,21333,zyf,GFS,astra,190,11,4,8,7,0.87,142,0.16,0,1,-1,2,1,0,0,0,1,0,0,0,76,3,1
60780,21978,Nautilus,N9,cypher,275,13,14,2,-1,0.67,165,0.25,4,2,2,2,1,0,0,0,0,0,0,0,61,0,1
60780,21695,DEATHLESS,N9,reyna,169,8,13,1,-5,0.53,116,0.32,2,1,1,1,0,0,0,0,0,0,0,0,52,0,1
60780,21977,Fl1pd,N9,astra,122,7,13,2,-6,0.6,76,0.29,1,2,-1,0,0,0,0,0,0,0,0,0,33,1,0
60780,21976,M4rco,N9,breach,120,5,15,5,-10,0.53,87,0.33,0,2,-2,0,0,0,0,0,0,0,0,0,38,1,0
60780,21979,Evon,N9,sova,88,5,15,3,-10,0.53,61,0.24,0,1,-1,0,0,0,0,0,0,0,0,0,27,0,0
60807,11555,flippy,SBE,skye,198,13,13,4,0,0.68,126,0.42,5,2,3,3,0,0,0,0,0,0,0,0,58,3,0
60807,13220,JA,SBE,astra,183,12,15,4,-3,0.58,146,0.2,0,1,-1,3,1,0,0,0,0,0,0,0,54,1,0
60807,13221,azys,SBE,jett,176,10,14,5,-4,0.58,120,0.21,3,5,-2,2,1,0,0,0,0,0,0,0,56,0,0
60807,13219,PapiChulo,SBE,killjoy,133,8,14,2,-6,0.53,89,0.2,3,0,3,3,0,0,0,0,0,0,0,0,41,0,0
60807,13222,Pro,SBE,breach,103,6,13,4,-7,0.58,79,0.28,0,0,0,1,0,0,0,0,0,0,0,0,39,1,0
60807,1910,Acetics,SP,sova,312,22,7,6,15,0.84,207,0.37,2,1,1,5,3,0,0,0,1,0,0,0,100,3,0
60807,2390,PinOcchiOs,SP,breach,290,21,14,7,7,0.79,174,0.27,1,1,0,3,3,0,0,0,0,0,0,0,52,0,0
60807,2366,aLerT,SP,astra,179,12,9,9,3,0.84,116,0.15,2,1,1,4,0,0,0,0,0,0,0,0,58,1,1
60807,2368,b3ta,SP,killjoy,123,8,9,7,-1,0.79,96,0.24,0,1,-1,0,0,0,0,0,0,0,0,0,46,1,0
60807,19150,niffy,SP,jett,81,6,10,1,-4,0.63,57,0.21,3,7,-4,0,0,0,0,0,0,0,0,0,27,0,0
60808,13219,PapiChulo,SBE,killjoy,365,23,11,5,12,0.72,242,0.28,3,1,2,2,3,1,0,1,0,1,0,0,86,1,0
60808,13220,JA,SBE,jett,285,20,12,1,8,0.67,152,0.22,4,4,0,3,4,0,0,0,0,0,0,0,68,0,1
60808,13221,azys,SBE,reyna,201,12,12,6,0,0.83,140,0.2,2,2,0,4,0,0,0,0,0,0,0,0,52,3,0
60808,13222,Pro,SBE,sage,152,10,12,5,-2,0.61,105,0.28,0,1,-1,2,0,1,0,0,0,1,0,0,45,4,0
60808,13223,micr0,SBE,astra,134,9,12,5,-3,0.72,78,0.22,1,0,1,3,1,0,0,0,1,0,0,0,32,0,1
60808,2368,b3ta,SP,cypher,363,23,14,2,9,0.83,229,0.41,1,0,1,5,1,1,0,0,0,0,0,0,95,0,0
60808,19150,niffy,SP,jett,243,15,15,2,0,0.67,163,0.21,4,1,3,2,0,1,0,0,0,0,0,0,62,0,1
60808,2366,aLerT,SP,astra,143,8,14,6,-6,0.78,96,0.18,2,2,0,2,0,0,0,0,0,0,0,0,43,1,1
60808,1910,Acetics,SP,raze,135,6,15,5,-9,0.67,109,0.15,1,4,-3,0,0,0,0,0,0,0,0,0,45,0,0
60808,2390,PinOcchiOs,SP,breach,128,7,16,4,-9,0.44,89,0.23,0,3,-3,2,1,0,0,0,0,0,0,0,38,1,0
60801,7408,JoshS,BRN,astra,238,17,15,5,2,0.64,156,0.22,2,1,1,3,1,0,0,0,0,0,0,0,61,2,0
60801,7754,xavi,BRN,raze,224,15,19,7,-4,0.68,164,0.12,2,3,-1,5,0,0,0,0,0,0,0,0,56,0,0
60801,13218,Derek,BRN,viper,200,15,15,6,0,0.68,134,0.4,3,5,-2,3,2,0,0,1,0,0,0,0,64,1,0
60801,7403,EJAY,BRN,kayo,193,16,17,5,-1,0.77,120,0.22,3,2,1,5,0,0,0,0,0,0,0,0,48,3,0
60801,7755,BraiNfreeZe,BRN,skye,75,6,17,5,-11,0.64,50,0.31,0,1,-1,1,0,0,0,0,0,0,0,0,21,2,0
60801,11704,STYRON,SHB,sova,323,25,12,8,13,0.77,222,0.24,3,1,2,3,4,0,0,0,0,0,0,0,93,1,1
60801,7381,RedKoh,SHB,reyna,229,18,14,1,4,0.64,157,0.26,4,5,-1,3,0,1,0,1,0,0,0,0,60,0,0
60801,3473,benaf,SHB,jett,193,14,17,8,-3,0.73,138,0.25,4,2,2,5,0,0,0,0,0,0,0,0,49,0,0
60801,5886,Flaring,SHB,astra,170,14,14,11,0,0.77,127,0.23,0,0,0,1,0,1,0,0,0,0,0,0,49,4,0
60801,7417,joshh,SHB,killjoy,147,12,12,4,0,0.77,100,0.23,1,2,-1,0,0,0,0,0,0,0,0,0,46,0,2
60802,7403,EJAY,BRN,jett,287,25,16,2,9,0.92,165,0.3,8,2,6,4,2,0,0,1,0,0,0,0,63,0,1
60802,13218,Derek,BRN,killjoy,261,22,16,2,6,0.63,178,0.29,4,1,3,2,2,1,0,0,0,0,0,0,70,1,0
60802,7755,BraiNfreeZe,BRN,sova,197,17,15,6,2,0.71,150,0.28,3,2,1,4,1,0,0,0,0,0,0,0,70,5,0
60802,7754,xavi,BRN,breach,146,12,15,10,-3,0.71,98,0.23,0,1,-1,2,0,0,0,0,0,0,0,0,41,3,0
60802,7408,JoshS,BRN,astra,106,9,17,11,-8,0.67,73,0.21,1,2,-1,0,0,0,0,0,0,0,0,0,25,0,0
60802,3473,benaf,SHB,jett,249,20,18,4,2,0.83,162,0.29,5,3,2,5,0,0,0,0,0,0,0,0,59,0,0
60802,7417,joshh,SHB,killjoy,240,21,17,2,4,0.58,163,0.3,2,3,-1,1,2,1,0,0,0,0,0,0,61,0,3
60802,11704,STYRON,SHB,sova,220,19,16,2,3,0.71,152,0.33,0,1,-1,3,1,0,0,0,0,0,0,0,61,1,1
60802,5886,Flaring,SHB,astra,117,9,16,10,-7,0.67,74,0.2,1,0,1,3,0,0,0,0,0,0,0,0,28,3,1
60802,7381,RedKoh,SHB,reyna,107,10,19,1,-9,0.5,74,0.45,0,9,-9,1,0,1,0,0,0,0,0,0,28,0,0
60789,4374,Redneval,CES,jett,435,22,7,4,15,0.87,277,0.41,4,1,3,2,3,1,0,0,0,0,0,0,166,0,0
60789,3908,Akashi,CES,sova,261,14,6,7,8,0.87,185,0.33,2,0,2,0,1,1,0,0,0,0,0,0,95,1,1
60789,14209,Suka,CES,killjoy,207,12,5,4,7,0.87,141,0.31,3,2,1,3,0,0,0,0,0,0,0,0,70,1,0
60789,14207,Lok1,CES,astra,161,12,4,8,8,0.93,85,0.16,1,0,1,1,0,1,0,1,0,0,0,0,57,0,1
60789,14208,Kishi,CES,skye,135,8,7,4,1,0.87,88,0.21,1,1,0,3,0,0,0,0,0,0,0,0,45,1,0
60789,21341,starlight,W,killjoy,203,9,13,3,-4,0.47,135,0.26,2,3,-1,1,0,1,0,0,0,0,0,0,54,0,0
60789,21353,Softy,W,jett,171,9,14,1,-5,0.47,112,0.16,1,2,-1,1,0,1,0,0,0,0,0,0,50,0,0
60789,21337,Smokey,W,sova,165,7,14,3,-7,0.47,110,0.28,1,0,1,1,1,0,0,0,0,0,0,0,43,0,0
60789,21339,b0ji,W,skye,69,3,14,4,-11,0.4,42,0.21,0,1,-1,1,0,0,0,0,0,0,0,0,16,0,0
60789,21338,fud,W,astra,28,1,13,2,-12,0.27,21,0.17,0,5,-5,0,0,0,0,0,0,0,0,0,7,3,0
60790,14207,Lok1,CES,astra,358,20,4,6,16,1,250,0.42,2,0,2,4,2,0,0,1,1,0,0,0,145,1,0
60790,14208,Kishi,CES,skye,248,12,8,9,4,0.93,168,0.23,0,2,-2,2,0,1,0,0,0,0,0,0,73,0,0
60790,14209,Suka,CES,killjoy,241,14,5,1,9,0.86,146,0.45,2,0,2,3,0,1,0,0,0,0,0,0,78,1,0
60790,3908,Akashi,CES,sova,206,11,4,4,7,1,150,0.42,0,0,0,1,1,0,0,0,0,0,0,0,80,10,0
60790,4374,Redneval,CES,jett,200,11,11,1,0,0.71,133,0.55,4,4,0,2,0,1,0,0,0,0,0,0,47,0,0
60790,21339,b0ji,W,breach,173,8,13,3,-5,0.57,131,0.5,1,0,1,1,0,0,0,0,0,0,0,0,53,0,1
60790,21337,Smokey,W,viper,171,9,14,1,-5,0.64,99,0.47,2,2,0,1,0,0,0,0,0,0,0,0,39,0,0
60790,21341,starlight,W,astra,154,6,14,3,-8,0.71,103,0.39,3,5,-2,0,0,0,0,0,0,0,0,0,42,0,0
60790,21338,fud,W,skye,122,6,13,1,-7,0.43,80,0.29,0,0,0,2,0,0,0,0,0,0,0,0,33,0,0
60790,21353,Softy,W,jett,83,3,14,1,-11,0.29,69,0.25,0,1,-1,0,0,0,0,0,0,0,0,0,28,0,0
60805,11555,flippy,SBE,skye,295,23,13,4,10,0.67,190,0.37,1,0,1,4,2,1,0,1,0,0,0,0,65,3,1
60805,13220,JA,SBE,astra,225,16,16,7,0,0.81,136,0.24,4,1,3,3,1,0,0,0,0,0,0,0,50,0,0
60805,13221,azys,SBE,jett,177,13,17,3,-4,0.48,120,0.21,6,2,4,3,0,0,0,0,0,0,0,0,45,1,0
60805,13219,PapiChulo,SBE,killjoy,164,12,16,3,-4,0.67,119,0.25,1,3,-2,2,0,0,0,0,0,0,0,0,55,0,0
60805,13222,Pro,SBE,sova,100,6,16,3,-10,0.52,70,0.29,1,2,-1,2,0,0,0,0,0,0,0,0,35,1,0
60805,1437,YESicaN,DXG,skye,264,22,12,9,10,0.81,173,0.22,2,1,1,4,1,1,0,0,0,0,0,0,82,2,1
60805,1433,Hyzee,DXG,astra,241,17,14,5,3,0.81,163,0.28,2,3,-1,2,2,0,0,0,1,0,0,0,73,3,0
60805,14254,gin,DXG,jett,221,18,13,1,5,0.67,127,0.24,4,5,-1,4,1,0,0,0,0,0,0,0,59,1,2
60805,14206,tozz,DXG,breach,181,14,14,10,0,0.76,119,0.18,0,0,0,4,1,0,0,0,0,0,0,0,49,0,1
60805,8240,alyaL,DXG,killjoy,137,7,17,8,-10,0.76,100,0.2,0,4,-4,2,0,0,0,0,0,0,0,0,36,0,0
60806,13220,JA,SBE,astra,302,24,16,9,8,0.82,205,0.28,4,1,3,4,3,0,0,0,0,0,0,0,78,1,0
60806,13219,PapiChulo,SBE,viper,229,20,10,5,10,0.68,161,0.33,1,1,0,3,1,0,0,0,0,0,0,0,78,1,0
60806,11555,flippy,SBE,skye,208,17,12,1,5,0.77,148,0.26,2,2,0,6,0,0,0,0,0,0,0,0,60,1,0
60806,13222,Pro,SBE,breach,166,12,12,7,0,0.77,119,0.27,3,0,3,2,1,0,0,0,0,0,0,0,104,3,0
60806,13221,azys,SBE,raze,112,6,16,4,-10,0.59,87,0.14,3,5,-2,1,0,0,0,0,0,0,0,0,34,0,0
60806,14254,gin,DXG,raze,244,21,16,2,5,0.64,148,0.27,5,1,4,1,3,1,0,0,0,0,0,0,60,0,0
60806,1437,YESicaN,DXG,viper,201,13,14,6,-1,0.73,150,0.38,1,2,-1,2,1,1,0,1,0,0,0,0,71,1,0
60806,8240,alyaL,DXG,chamber,200,15,18,6,-3,0.68,119,0.13,3,6,-3,2,1,0,0,0,0,1,0,0,47,4,0
60806,14206,tozz,DXG,skye,128,12,16,4,-4,0.5,82,0.21,0,3,-3,4,0,0,0,0,0,0,0,0,32,0,1
60806,1433,Hyzee,DXG,astra,79,5,16,8,-11,0.68,57,0.23,0,1,-1,0,1,0,0,0,0,0,0,0,21,0,0
60775,4874,BerserX,BME,jett,270,18,3,3,15,0.94,187,0.21,3,0,3,4,0,0,1,0,0,0,0,0,132,0,0
60775,1743,blaZek1ng,BME,sova,249,14,8,9,6,0.88,179,0.22,3,1,2,4,0,0,0,0,0,0,0,0,92,0,2
60775,4872,frostmind,BME,killjoy,237,14,7,1,7,0.82,146,0.21,4,1,3,4,1,0,0,0,0,0,0,0,67,0,0
60775,4871,tehbotoL,BME,viper,202,14,6,9,8,0.94,162,0.43,1,2,-1,3,1,0,0,0,0,0,0,0,88,0,0
60775,7045,fl1pzjder,BME,sage,199,13,8,6,5,0.71,143,0.73,0,2,-2,1,2,0,0,0,0,0,0,0,87,1,0
60775,21336,JxN,GFS,jett,189,11,15,1,-4,0.47,112,0.38,2,5,-3,2,1,0,0,0,0,0,0,0,45,0,0
60775,21334,KLF,GFS,sova,114,5,13,2,-8,0.59,77,0.13,1,0,1,1,0,0,0,0,0,0,0,0,35,0,0
60775,8156,Mojo,GFS,reyna,102,6,15,4,-9,0.47,67,0.29,3,3,0,2,0,0,0,0,0,0,0,0,28,0,0
60775,21333,zyf,GFS,viper,90,6,16,0,-10,0.41,58,0.31,0,1,-1,0,0,0,0,0,0,0,0,0,21,0,0
60775,21352,C2ation,GFS,sage,85,4,14,2,-10,0.41,70,0.2,0,2,-2,0,0,0,0,0,0,0,0,0,32,3,0
60776,4874,BerserX,BME,jett,313,20,7,6,13,0.94,207,0.18,4,2,2,1,3,0,0,0,0,0,0,0,95,0,1
60776,7045,fl1pzjder,BME,kayo,253,16,10,12,6,0.94,178,0.3,1,2,-1,3,0,0,0,0,0,0,0,0,100,6,0
60776,1743,blaZek1ng,BME,sova,248,18,9,9,9,0.89,186,0.28,1,1,0,5,0,0,0,0,1,0,0,0,101,1,0
60776,4871,tehbotoL,BME,viper,207,13,9,10,4,0.89,159,0.27,1,1,0,4,0,0,0,0,0,0,0,0,81,1,0
60776,4872,frostmind,BME,cypher,171,13,8,1,5,0.72,99,0.23,3,2,1,1,2,0,0,0,0,0,0,0,53,2,0
60776,21334,KLF,GFS,sova,192,11,14,4,-3,0.67,133,0.07,1,2,-1,1,1,0,0,0,1,0,0,0,50,0,0
60776,21336,JxN,GFS,jett,177,12,16,2,-4,0.44,124,0.24,2,3,-1,5,0,0,0,0,0,0,0,0,52,0,0
60776,21335,azm,GFS,skye,152,10,16,3,-6,0.5,86,0.21,2,4,-2,2,0,0,0,1,0,0,0,0,33,0,0
60776,8156,Mojo,GFS,cypher,114,6,17,1,-11,0.44,83,0.17,2,1,1,0,0,0,0,0,0,0,0,0,34,2,1
60776,21333,zyf,GFS,viper,85,4,17,2,-13,0.44,61,0.07,1,0,1,0,0,0,0,0,0,0,0,0,23,1,0
60687,5132,mada,LG,skye,416,23,8,5,15,0.86,267,0.27,2,1,1,3,4,0,0,0,0,0,0,0,113,0,0
60687,844,bdog,LG,jett,251,12,10,7,2,0.86,154,0.24,5,0,5,2,1,0,0,0,0,0,0,0,69,0,1
60687,769,TiGG,LG,viper,250,15,3,5,12,1,184,0.28,3,1,2,3,1,0,0,0,1,0,0,0,98,1,0
60687,3757,dazzLe,LG,sova,193,9,7,12,2,0.93,140,0.3,2,0,2,1,0,0,0,1,0,0,0,0,59,1,0
60687,7458,moose,LG,cypher,117,7,4,3,3,0.93,83,0.26,0,0,0,1,0,0,0,0,0,0,0,0,46,0,0
60687,21668,Verno,ex-FB,skye,207,10,13,2,-3,0.5,122,0.22,0,1,-1,3,1,0,0,0,0,0,0,0,50,0,0
60687,21901,WhoFramedMe,ex-FB,sova,205,9,13,2,-4,0.57,129,0.63,0,1,-1,3,0,0,0,0,0,0,0,0,52,0,0
60687,8419,Reduxx,ex-FB,jett,135,6,13,2,-7,0.64,105,0.33,2,3,-1,1,0,0,0,0,0,0,0,0,48,0,0
60687,865,Nurfed,ex-FB,viper,113,4,13,4,-9,0.5,85,0.28,0,2,-2,0,1,0,0,0,0,0,0,0,37,2,0
60687,2450,Rustun,ex-FB,cypher,74,3,14,2,-11,0.36,50,0,0,5,-5,0,0,0,0,0,0,0,0,0,19,0,0
60688,844,bdog,LG,jett,246,17,16,3,1,0.55,168,0.31,2,4,-2,4,2,0,0,0,0,0,0,0,80,0,0
60688,7458,moose,LG,viper,231,17,16,1,1,0.85,144,0.3,1,0,1,2,1,0,0,0,0,0,0,0,57,3,0
60688,5132,mada,LG,reyna,198,14,16,3,-2,0.65,120,0.23,3,1,2,2,1,0,0,0,0,0,0,0,45,0,0
60688,769,TiGG,LG,chamber,169,12,15,3,-3,0.55,119,0.12,3,3,0,3,1,0,0,1,0,0,0,0,51,0,0
60688,3757,dazzLe,LG,sova,158,10,16,9,-6,0.7,112,0.27,2,1,1,1,0,0,0,0,0,0,0,0,43,4,2
60688,2450,Rustun,ex-FB,chamber,296,21,13,2,8,0.8,189,0.4,4,2,2,7,1,0,0,1,0,0,0,0,70,0,1
60688,865,Nurfed,ex-FB,viper,260,17,15,9,2,0.75,175,0.25,3,1,2,2,2,0,0,0,1,0,0,0,67,2,0
60688,21901,WhoFramedMe,ex-FB,sova,208,17,15,5,2,0.75,130,0.21,0,1,-1,1,2,0,0,0,0,0,0,0,48,1,0
60688,8419,Reduxx,ex-FB,jett,163,12,15,1,-3,0.5,114,0.39,2,4,-2,3,0,0,0,0,0,0,0,0,43,0,0
60688,21668,Verno,ex-FB,sage,148,12,12,6,0,0.75,105,0.38,0,3,-3,2,1,0,0,2,0,0,0,0,43,5,1
60689,5132,mada,LG,jett,349,22,11,3,11,0.88,236,0.41,5,3,2,4,3,0,0,0,0,0,0,0,121,1,0
60689,3757,dazzLe,LG,sova,294,16,11,10,5,0.81,197,0.21,4,0,4,3,1,1,0,0,0,0,0,0,67,3,0
60689,844,bdog,LG,sage,218,14,8,15,6,1,125,0.24,2,0,2,2,0,1,0,0,0,0,0,0,47,3,0
60689,769,TiGG,LG,astra,178,11,8,6,3,0.88,100,0.07,0,0,0,1,0,1,0,1,0,0,0,0,51,4,0
60689,7458,moose,LG,killjoy,150,8,7,4,1,0.81,128,0.29,2,0,2,0,1,0,0,0,1,0,0,0,58,1,0
60689,2450,Rustun,ex-FB,killjoy,274,14,14,1,0,0.5,165,0.33,0,1,-1,4,1,0,0,0,0,0,0,0,66,0,0
60689,865,Nurfed,ex-FB,astra,190,10,16,1,-6,0.5,98,0.12,2,4,-2,2,1,0,0,0,0,0,0,0,37,1,0
60689,8419,Reduxx,ex-FB,jett,186,10,14,2,-4,0.63,112,0.22,1,5,-4,3,0,0,0,0,0,0,0,0,41,0,0
60689,21901,WhoFramedMe,ex-FB,sova,119,7,13,6,-6,0.44,85,0.38,0,1,-1,1,1,0,0,0,1,0,0,0,33,0,0
60689,21668,Verno,ex-FB,kayo,80,4,14,6,-10,0.38,57,0.22,0,2,-2,1,0,0,0,0,0,0,0,0,23,1,1
60681,5190,Lin,RNG,jett,265,16,15,4,1,0.67,171,0.18,4,4,0,2,2,0,0,0,0,0,0,0,73,1,0
60681,146,randyySAVAGE,RNG,killjoy,237,15,15,3,0,0.78,142,0.26,3,1,2,2,0,1,0,0,0,0,0,0,55,0,0
60681,893,RetrQ,RNG,reyna,212,13,15,3,-2,0.61,146,0.35,0,1,-1,3,1,0,0,0,1,0,0,0,58,1,1
60681,5188,Apoth,RNG,viper,195,12,16,2,-4,0.5,122,0.24,1,2,-1,2,1,0,0,0,0,0,0,0,45,0,0
60681,68,Stronglegs,RNG,sova,103,5,14,4,-9,0.61,72,0.14,1,1,0,2,0,0,0,0,0,0,0,0,30,2,0
60681,769,TiGG,LG,chamber,310,22,11,2,11,0.78,201,0.23,3,2,1,3,2,1,0,0,0,1,0,0,80,5,0
60681,844,bdog,LG,jett,225,17,13,3,4,0.67,156,0.38,3,1,2,2,2,0,0,1,1,0,0,0,70,0,1
60681,5132,mada,LG,reyna,205,15,13,1,2,0.78,126,0.29,1,1,0,1,2,0,0,1,0,0,0,0,48,1,0
60681,7458,moose,LG,viper,195,10,11,13,-1,0.67,142,0.16,2,5,-3,2,1,0,0,1,0,0,0,0,50,1,1
60681,3757,dazzLe,LG,sova,192,11,13,9,-2,0.78,150,0.21,0,0,0,0,0,0,0,0,0,0,0,0,60,3,0
60682,5190,Lin,RNG,jett,294,20,12,5,8,0.65,184,0.24,4,0,4,3,3,0,0,0,0,0,0,0,80,3,0
60682,893,RetrQ,RNG,sova,201,16,11,4,5,0.7,139,0.27,2,2,0,2,1,0,0,1,0,0,0,0,63,1,2
60682,146,randyySAVAGE,RNG,killjoy,200,13,15,6,-2,0.85,141,0.22,2,1,1,2,0,0,0,0,0,0,0,0,52,1,0
60682,68,Stronglegs,RNG,skye,157,13,12,13,1,0.75,113,0.24,3,2,1,2,1,0,0,0,0,0,0,0,41,6,1
60682,5188,Apoth,RNG,astra,145,10,11,12,-1,0.8,104,0.35,1,3,-2,1,0,0,0,0,0,0,0,0,46,1,0
60682,7458,moose,LG,killjoy,222,14,15,5,-1,0.7,158,0.26,1,0,1,1,1,0,0,0,0,0,0,0,63,1,0
60682,3757,dazzLe,LG,sova,199,13,14,13,-1,0.8,144,0.21,1,5,-4,3,0,0,0,0,0,0,0,0,58,4,0
60682,844,bdog,LG,jett,198,14,14,5,0,0.7,119,0.14,4,0,4,2,1,0,0,0,0,0,0,0,45,0,0
60682,769,TiGG,LG,astra,171,12,15,4,-3,0.55,107,0.34,1,2,-1,2,1,0,0,0,0,0,0,0,47,2,1
60682,5132,mada,LG,skye,116,8,14,4,-6,0.6,77,0.21,1,5,-4,1,1,0,0,0,0,0,0,0,35,1,1
60683,5188,Apoth,RNG,astra,241,19,19,9,0,0.67,158,0.41,4,3,1,2,2,0,0,0,0,0,0,0,59,2,0
60683,5190,Lin,RNG,jett,241,20,15,4,5,0.63,164,0.23,4,4,0,4,2,0,0,0,1,0,0,0,73,1,0
60683,893,RetrQ,RNG,sova,211,18,15,5,3,0.63,150,0.26,0,1,-1,5,0,1,0,0,0,0,0,0,61,2,0
60683,68,Stronglegs,RNG,skye,167,16,14,8,2,0.75,113,0.28,1,3,-2,3,0,0,0,0,0,0,0,0,51,2,0
60683,146,randyySAVAGE,RNG,viper,94,6,17,6,-11,0.67,69,0.14,1,3,-2,0,0,0,0,0,0,0,0,0,25,2,1
60683,3757,dazzLe,LG,sova,240,20,17,6,3,0.67,183,0.32,3,2,1,2,0,1,0,0,1,0,0,0,69,3,1
60683,844,bdog,LG,jett,220,18,17,3,1,0.63,131,0.18,4,2,2,3,2,1,0,0,0,0,0,0,58,0,0
60683,769,TiGG,LG,astra,208,16,16,9,0,0.88,139,0.19,3,0,3,4,0,0,0,1,0,0,0,0,50,2,0
60683,7458,moose,LG,viper,174,16,14,5,2,0.79,131,0.19,0,2,-2,3,0,0,0,0,0,0,0,0,54,1,0
60683,5132,mada,LG,skye,140,10,15,13,-5,0.63,93,0.22,4,4,0,2,0,0,0,0,0,0,0,0,39,2,0
60684,8419,Reduxx,ex-FB,jett,308,29,24,4,5,0.65,180,0.35,8,4,4,4,0,3,0,0,0,0,0,0,56,0,0
60684,21668,Verno,ex-FB,sage,183,16,19,20,-3,0.65,125,0.29,0,3,-3,2,0,1,0,0,0,0,0,0,43,3,1
60684,21901,WhoFramedMe,ex-FB,sova,168,14,16,8,-2,0.58,127,0.14,1,2,-1,1,1,0,0,0,0,0,0,0,48,1,0
60684,865,Nurfed,ex-FB,viper,162,12,20,11,-8,0.69,127,0.19,1,1,0,1,0,0,0,0,0,0,0,0,51,3,0
60684,2450,Rustun,ex-FB,chamber,141,14,20,2,-6,0.54,95,0.22,2,4,-2,4,0,0,0,0,0,0,0,0,34,0,0
60684,6572,pureVNS,PK.A,viper,294,27,14,10,13,0.69,217,0.49,2,0,2,5,0,2,1,1,1,0,0,0,94,3,0
60684,69,thief,PK.A,reyna,274,25,19,6,6,0.77,176,0.17,8,5,3,3,1,2,0,0,0,0,0,0,61,0,0
60684,4931,Add3r,PK.A,chamber,226,21,17,5,4,0.73,142,0.24,1,2,-1,1,1,1,0,0,0,0,0,0,52,0,1
60684,3012,riku,PK.A,sage,170,16,16,6,0,0.65,111,0.12,2,3,-1,2,1,0,0,0,0,0,0,0,40,4,0
60684,2161,leak,PK.A,sova,125,10,19,6,-9,0.62,93,0.15,1,2,-1,2,0,0,0,0,0,0,0,0,34,2,0
60685,2450,Rustun,ex-FB,killjoy,244,19,15,11,4,0.71,177,0.2,3,1,2,3,2,0,0,0,0,0,0,0,73,0,0
60685,21901,WhoFramedMe,ex-FB,sova,244,22,12,7,10,0.88,167,0.18,1,1,0,8,0,0,0,1,0,0,0,0,67,0,1
60685,21668,Verno,ex-FB,kayo,211,18,16,15,2,0.71,131,0.21,3,3,0,0,1,1,0,0,0,0,0,0,52,1,1
60685,865,Nurfed,ex-FB,astra,198,17,15,8,2,0.83,133,0.25,3,2,1,4,0,0,0,0,0,0,0,0,57,5,0
60685,8419,Reduxx,ex-FB,jett,165,15,15,3,0,0.71,91,0.17,3,4,-1,2,2,0,0,0,0,0,0,0,39,0,1
60685,69,thief,PK.A,reyna,226,19,21,4,-2,0.58,155,0.26,5,4,1,3,2,0,0,0,0,0,0,0,57,1,0
60685,6572,pureVNS,PK.A,astra,210,19,15,6,4,0.67,147,0.36,1,1,0,5,1,0,0,1,1,0,0,0,59,3,0
60685,3012,riku,PK.A,jett,157,13,20,5,-7,0.63,94,0.08,2,5,-3,1,1,0,0,0,0,0,0,0,38,0,0
60685,4931,Add3r,PK.A,killjoy,153,12,16,2,-4,0.63,103,0.2,2,3,-1,1,1,0,0,0,0,0,0,0,44,1,0
60685,2161,leak,PK.A,sova,130,10,19,6,-9,0.67,100,0.21,1,0,1,0,0,0,0,0,0,0,0,0,35,3,0
60686,21901,WhoFramedMe,ex-FB,sova,259,23,12,9,11,0.73,167,0.3,2,1,1,5,0,0,1,1,1,0,0,0,66,2,2
60686,865,Nurfed,ex-FB,viper,236,18,13,7,5,0.77,169,0.24,3,3,0,2,1,1,0,0,0,0,0,0,74,1,1
60686,8419,Reduxx,ex-FB,jett,214,19,14,6,5,0.77,150,0.18,0,3,-3,4,1,0,0,0,0,0,0,0,61,1,0
60686,21668,Verno,ex-FB,skye,191,13,17,7,-4,0.68,127,0.25,5,2,3,2,0,0,0,0,0,0,0,0,45,1,0
60686,2450,Rustun,ex-FB,cypher,140,11,15,5,-4,0.77,81,0.26,1,2,-1,2,1,0,0,0,0,0,0,0,27,0,0
60686,69,thief,PK.A,reyna,230,17,17,5,0,0.59,164,0.44,2,5,-3,4,1,0,0,1,0,0,0,0,64,0,1
60686,6572,pureVNS,PK.A,skye,199,16,19,2,-3,0.55,125,0.5,3,3,0,3,1,0,0,0,0,0,0,0,47,1,1
60686,4931,Add3r,PK.A,viper,172,12,17,5,-5,0.77,118,0.15,3,1,2,3,0,0,0,0,0,0,0,0,53,1,0
60686,2161,leak,PK.A,sova,158,14,15,5,-1,0.68,118,0.32,0,0,0,2,1,0,0,0,0,0,0,0,52,1,0
60686,3012,riku,PK.A,chamber,153,12,16,3,-4,0.59,93,0.13,3,2,1,2,0,0,0,0,0,0,0,0,43,1,0
60669,5157,venture,RAD,sova,269,24,21,8,3,0.73,170,0.24,3,2,1,5,0,2,0,1,0,0,0,0,64,4,1
60669,823,Rebo,RAD,astra,232,22,19,4,3,0.69,153,0.18,2,4,-2,4,2,0,0,2,0,0,0,0,56,0,2
60669,4009,cheatcode,RAD,skye,201,18,20,6,-2,0.69,140,0.31,3,1,2,6,0,0,0,0,0,0,0,0,57,0,0
60669,603,sSef,RAD,viper,160,14,19,7,-5,0.69,109,0.2,2,1,1,2,1,0,0,0,1,0,0,0,45,1,0
60669,3984,FIEND,RAD,chamber,156,13,21,5,-8,0.5,112,0.11,1,7,-6,3,1,0,0,0,1,0,0,0,45,1,1
60669,68,Stronglegs,RNG,kayo,240,25,15,9,10,0.77,162,0.32,1,1,0,4,2,0,0,2,0,0,0,0,57,7,2
60669,5190,Lin,RNG,jett,231,20,19,6,1,0.77,141,0.18,7,2,5,5,1,0,0,0,0,0,0,0,51,0,0
60669,146,randyySAVAGE,RNG,sova,225,21,20,9,1,0.65,149,0.36,4,0,4,5,0,1,0,0,0,0,0,0,49,3,0
60669,5188,Apoth,RNG,viper,206,21,17,4,4,0.77,128,0.31,2,5,-3,3,2,1,0,1,0,0,0,0,51,1,0
60669,893,RetrQ,RNG,cypher,152,13,20,3,-7,0.54,107,0.16,1,3,-2,3,0,0,0,0,0,0,0,0,36,0,0
60670,4009,cheatcode,RAD,raze,215,18,21,7,-3,0.5,150,0.25,4,6,-2,2,3,0,0,0,0,0,0,0,51,0,1
60670,603,sSef,RAD,cypher,197,18,23,9,-5,0.68,131,0.22,2,2,0,4,0,0,0,0,0,0,0,0,42,1,0
60670,5157,venture,RAD,kayo,193,21,21,16,0,0.79,123,0.12,2,1,1,5,0,0,0,1,0,0,0,0,40,5,1
60670,3984,FIEND,RAD,breach,171,18,18,8,0,0.68,121,0.21,3,0,3,3,0,0,0,1,1,0,0,0,45,2,3
60670,823,Rebo,RAD,astra,162,17,19,6,-2,0.61,113,0.21,2,6,-4,3,0,0,0,0,0,1,0,0,39,0,0
60670,893,RetrQ,RNG,raze,308,31,18,3,13,0.75,197,0.18,5,5,0,7,2,1,0,0,0,0,0,0,68,1,1
60670,5188,Apoth,RNG,astra,220,22,16,9,6,0.75,149,0.23,3,2,1,5,1,0,0,0,0,0,0,0,54,0,1
60670,5190,Lin,RNG,chamber,218,20,20,5,0,0.64,158,0.19,2,0,2,5,0,0,0,0,0,0,0,0,54,1,0
60670,68,Stronglegs,RNG,breach,177,19,17,5,2,0.79,113,0.18,3,1,2,2,1,0,0,0,0,0,0,0,43,7,2
60670,146,randyySAVAGE,RNG,viper,130,10,21,12,-11,0.57,93,0.18,2,5,-3,3,0,0,0,0,0,0,0,0,32,0,0
60671,4009,cheatcode,RAD,reyna,189,12,16,1,-4,0.53,129,0.45,0,3,-3,2,0,1,0,0,0,0,0,0,46,1,0
60671,3984,FIEND,RAD,jett,183,9,16,5,-7,0.47,122,0.13,0,3,-3,3,0,0,0,0,0,0,0,0,54,0,0
60671,5157,venture,RAD,sova,160,9,15,3,-6,0.41,128,0.22,0,1,-1,3,0,0,0,0,0,0,0,0,59,3,0
60671,603,sSef,RAD,viper,124,7,14,4,-7,0.47,92,0.38,0,4,-4,1,0,0,0,1,0,0,0,0,42,0,1
60671,823,Rebo,RAD,sage,66,4,17,3,-13,0.35,38,0.27,1,5,-4,1,0,0,0,0,0,0,0,0,15,1,0
60671,893,RetrQ,RNG,reyna,317,21,9,1,12,0.82,193,0.33,6,0,6,5,0,0,1,0,0,0,0,0,91,0,0
60671,5188,Apoth,RNG,viper,295,19,7,4,12,0.88,199,0.29,1,0,1,4,1,0,0,0,1,0,0,0,105,0,0
60671,5190,Lin,RNG,jett,260,15,10,8,5,0.88,171,0.12,4,0,4,2,2,0,0,0,0,0,0,0,67,0,1
60671,146,randyySAVAGE,RNG,killjoy,218,14,8,1,6,0.82,123,0.17,5,0,5,4,0,0,0,0,0,0,0,0,56,0,1
60671,68,Stronglegs,RNG,sova,136,9,7,15,2,0.88,109,0.15,0,1,-1,1,1,0,0,1,0,0,0,0,51,4,0
60672,5129,ban,PK,jett,255,18,15,3,3,0.6,158,0.41,3,4,-1,4,0,2,0,0,1,0,0,0,53,0,0
60672,1023,XXiF,PK,sage,222,15,12,12,3,0.75,141,0.34,1,1,0,6,0,0,0,0,0,0,0,0,59,2,0
60672,11118,skuba,PK,astra,214,15,12,12,3,0.75,146,0.29,3,2,1,1,1,0,0,0,0,0,0,0,55,1,2
60672,421,Genghsta,PK,sova,197,12,10,10,2,0.7,139,0.16,0,3,-3,1,1,1,0,0,0,0,0,0,74,4,0
60672,3180,Frosty,PK,killjoy,124,9,14,1,-5,0.55,93,0.23,0,3,-3,1,0,1,0,1,0,0,0,0,37,1,0
60672,7458,moose,LG,killjoy,273,18,10,5,8,0.95,176,0.21,3,0,3,5,1,0,0,0,0,0,0,0,87,1,0
60672,5132,mada,LG,jett,185,14,15,1,-1,0.65,130,0.38,5,3,2,3,0,0,0,0,0,0,0,0,53,0,0
60672,769,TiGG,LG,astra,181,14,15,4,-1,0.7,102,0.26,3,1,2,4,1,0,0,0,0,0,0,0,36,1,0
60672,3757,dazzLe,LG,sova,169,9,16,10,-7,0.65,116,0.03,1,2,-1,2,0,0,0,0,0,0,0,0,46,2,1
60672,844,bdog,LG,sage,119,8,13,12,-5,0.7,84,0.19,1,1,0,1,0,0,0,0,0,0,0,0,34,0,0
60673,1023,XXiF,PK,jett,250,21,18,2,3,0.74,161,0.27,5,3,2,2,1,0,1,0,0,0,0,0,63,1,0
60673,5129,ban,PK,reyna,225,17,20,6,-3,0.74,149,0.26,2,2,0,4,1,0,0,0,0,0,0,0,51,1,1
60673,11118,skuba,PK,viper,221,19,17,3,2,0.65,129,0.24,3,0,3,6,1,0,0,1,2,0,0,0,47,4,1
60673,421,Genghsta,PK,sova,176,14,17,7,-3,0.7,119,0.26,0,3,-3,0,2,0,0,0,1,0,0,0,47,1,2
60673,3180,Frosty,PK,killjoy,126,10,20,4,-10,0.61,86,0.31,2,3,-1,1,0,0,0,0,0,0,0,0,30,1,0
60673,769,TiGG,LG,chamber,278,24,13,1,11,0.78,169,0.25,4,2,2,4,1,1,0,0,0,0,0,0,66,5,1
60673,7458,moose,LG,viper,275,24,14,6,10,0.91,173,0.28,2,1,1,4,2,0,0,0,0,1,0,0,82,3,1
60673,5132,mada,LG,reyna,222,18,17,3,1,0.65,143,0.33,3,3,0,5,1,0,0,1,0,0,0,0,58,1,0
60673,3757,dazzLe,LG,sova,213,15,19,10,-4,0.74,153,0.17,1,2,-1,4,0,0,0,0,0,0,0,0,55,1,1
60673,844,bdog,LG,jett,132,11,18,1,-7,0.61,81,0.23,1,4,-3,2,0,0,0,0,0,0,0,0,30,1,0
60674,1023,XXiF,PK,raze,237,13,15,2,-2,0.59,155,0.31,3,4,-1,0,2,0,0,0,0,0,0,0,64,0,0
60674,421,Genghsta,PK,sova,178,11,14,2,-3,0.59,132,0.48,0,1,-1,1,1,0,0,0,0,1,0,0,62,0,1
60674,11118,skuba,PK,viper,166,9,14,5,-5,0.76,121,0.29,0,3,-3,2,0,0,0,1,0,0,0,0,46,1,1
60674,5129,ban,PK,skye,122,7,16,2,-9,0.59,77,0.27,1,1,0,0,0,0,0,0,0,0,0,0,29,1,0
60674,3180,Frosty,PK,astra,114,6,15,4,-9,0.59,71,0.11,0,4,-4,1,0,0,0,0,0,0,0,0,29,0,0
60674,3757,dazzLe,LG,sova,290,17,9,6,8,0.88,201,0.17,3,0,3,4,1,0,0,0,0,0,0,0,85,4,1
60674,5132,mada,LG,skye,272,17,11,13,6,0.88,193,0.31,0,1,-1,4,2,0,0,0,0,0,0,0,72,4,0
60674,844,bdog,LG,jett,247,17,9,1,8,0.76,167,0.2,3,0,3,3,1,0,0,0,0,0,0,0,81,0,0
60674,7458,moose,LG,viper,190,12,7,4,5,0.82,133,0.43,6,0,6,1,0,0,0,0,0,0,0,0,73,1,0
60674,769,TiGG,LG,astra,162,11,10,6,1,0.76,118,0.14,1,3,-2,3,0,0,0,0,0,0,0,0,44,0,0
60675,8419,Reduxx,ex-FB,raze,274,19,18,9,1,0.82,190,0.23,4,1,3,4,0,0,0,1,0,0,0,0,72,0,0
60675,21668,Verno,ex-FB,jett,246,20,15,4,5,0.82,150,0.25,5,0,5,6,0,0,0,0,1,0,0,0,60,1,2
60675,865,Nurfed,ex-FB,viper,182,15,16,5,-1,0.68,118,0.2,2,4,-2,2,1,0,0,0,1,0,0,0,51,0,0
60675,21901,WhoFramedMe,ex-FB,chamber,182,16,14,2,2,0.68,121,0.13,0,1,-1,2,1,0,0,1,3,0,0,0,60,6,1
60675,2450,Rustun,ex-FB,astra,181,14,18,8,-4,0.68,121,0.22,1,4,-3,2,1,0,0,0,0,0,0,0,50,1,0
60675,185,ZerG,TI,cypher,285,22,15,3,7,0.59,174,0.33,3,1,2,4,2,1,0,0,0,1,0,0,69,0,0
60675,754,nerve,TI,skye,242,19,18,8,1,0.82,141,0.15,1,1,0,4,0,1,0,0,0,0,0,0,50,1,0
60675,1021,Morgausse,TI,viper,204,15,15,9,0,0.59,132,0.15,3,2,1,0,2,0,0,1,0,0,0,0,52,1,1
60675,20337,syfi,TI,jett,175,13,19,4,-6,0.64,119,0.16,3,6,-3,2,1,0,0,0,0,0,0,0,40,1,0
60675,1861,eVoL,TI,astra,130,12,17,3,-5,0.55,89,0.35,0,2,-2,2,1,0,0,0,0,0,0,0,35,5,1
60676,8419,Reduxx,ex-FB,jett,215,18,16,5,2,0.63,144,0.2,2,6,-4,3,2,0,0,1,0,0,0,0,64,1,1
60676,21668,Verno,ex-FB,skye,190,17,18,4,-1,0.58,133,0.27,0,2,-2,1,1,1,0,0,0,0,0,0,49,0,2
60676,21901,WhoFramedMe,ex-FB,sova,180,17,16,5,1,0.58,119,0.4,2,0,2,2,0,1,0,0,0,0,1,0,50,5,0
60676,865,Nurfed,ex-FB,viper,173,13,21,8,-8,0.58,116,0.16,4,2,2,1,0,1,0,0,0,1,0,0,39,2,0
60676,2450,Rustun,ex-FB,cypher,168,13,20,8,-7,0.63,103,0.23,4,2,2,4,0,0,0,0,0,0,0,0,37,1,0
60676,1021,Morgausse,TI,kayo,236,21,14,6,7,0.79,165,0.27,1,4,-3,2,2,1,0,0,0,0,0,0,71,2,2
60676,20337,syfi,TI,jett,226,19,17,5,2,0.67,143,0.29,4,3,1,1,1,0,0,0,0,0,0,0,65,0,0
60676,185,ZerG,TI,cypher,218,18,17,3,1,0.71,138,0.44,5,3,2,3,0,1,0,0,0,0,0,0,50,0,0
60676,1861,eVoL,TI,sova,179,17,16,2,1,0.79,127,0.41,1,0,1,4,0,0,0,0,0,0,0,0,41,4,0
60676,754,nerve,TI,viper,178,16,14,6,2,0.75,124,0.26,1,2,-1,3,1,0,0,1,0,0,0,0,50,3,1
60677,21901,WhoFramedMe,ex-FB,sova,275,23,15,7,8,0.74,184,0.28,4,2,2,4,3,0,0,1,0,0,0,0,69,3,0
60677,865,Nurfed,ex-FB,astra,244,22,16,7,6,0.78,158,0.21,2,1,1,3,2,0,0,0,0,1,0,0,56,3,1
60677,8419,Reduxx,ex-FB,jett,210,19,17,2,2,0.7,150,0.28,5,2,3,3,2,0,0,0,0,0,0,0,54,0,1
60677,2450,Rustun,ex-FB,killjoy,210,12,22,11,-10,0.65,151,0.09,3,3,0,3,0,0,0,0,0,0,0,0,57,2,0
60677,21668,Verno,ex-FB,kayo,161,11,16,21,-5,0.87,121,0.13,0,1,-1,1,1,0,0,1,0,0,0,0,44,3,0
60677,185,ZerG,TI,killjoy,289,25,16,1,9,0.7,191,0.32,3,3,0,6,1,1,0,0,1,0,0,0,75,2,2
60677,20337,syfi,TI,reyna,267,22,18,6,4,0.78,174,0.37,2,4,-2,3,3,0,0,0,0,0,0,0,66,0,0
60677,1021,Morgausse,TI,sage,203,16,18,8,-2,0.61,142,0.15,1,1,0,4,0,0,0,1,0,0,0,0,52,3,1
60677,754,nerve,TI,astra,187,14,18,10,-4,0.87,139,0.33,2,2,0,3,0,0,0,0,0,0,0,0,54,1,0
60677,1861,eVoL,TI,sova,117,9,17,8,-8,0.7,77,0.3,1,4,-3,2,0,0,0,0,0,0,0,0,30,3,0
58578,1618,SpYzera,NASR,kayo,254,19,17,12,2,0.78,182,0.18,2,0,2,3,1,1,0,0,0,0,0,0,70,5,0
58578,1242,rheat,NASR,astra,198,17,18,6,-1,0.83,140,0.3,0,2,-2,3,1,0,0,0,0,0,0,0,48,1,0
58578,5601,OuTLaW,NASR,killjoy,198,18,13,4,5,0.7,118,0.21,0,1,-1,3,2,0,0,1,0,0,0,0,46,3,1
58578,1617,alvar,NASR,jett,162,14,16,2,-2,0.52,105,0.26,8,4,4,1,2,0,0,0,0,0,0,0,43,0,0
58578,6505,RockeT,NASR,skye,133,10,19,7,-9,0.7,86,0.22,3,3,0,2,0,0,0,0,0,0,0,0,34,0,1
58578,6503,Sand,RAAD,killjoy,319,27,12,3,15,0.78,227,0.34,2,0,2,7,1,1,0,1,0,0,0,0,102,2,0
58578,13057,zyad,RAAD,jett,210,17,20,3,-3,0.7,118,0.4,4,4,0,2,2,0,0,0,0,0,0,0,43,0,0
58578,14366,Shniider,RAAD,astra,210,17,16,9,1,0.74,134,0.29,2,2,0,2,2,0,0,0,0,1,0,0,50,2,1
58578,8237,Depyro,RAAD,breach,166,14,15,6,-1,0.74,104,0.11,2,4,-2,3,2,0,0,0,1,0,0,0,47,3,2
58578,14798,SkaNoodles,RAAD,sova,129,8,16,8,-8,0.7,95,0.21,0,3,-3,1,0,0,0,0,0,0,0,0,44,2,0
58579,6505,RockeT,NASR,skye,258,23,16,5,7,0.88,171,0.43,3,2,1,5,1,0,0,0,0,0,0,0,67,1,0
58579,1617,alvar,NASR,jett,239,19,14,2,5,0.71,153,0.3,4,5,-1,5,0,0,0,0,0,0,0,0,65,0,0
58579,5601,OuTLaW,NASR,kayo,185,16,15,6,1,0.71,130,0.37,2,1,1,5,0,0,0,0,0,0,0,0,49,1,0
58579,1242,rheat,NASR,astra,179,15,15,9,0,0.71,118,0.18,2,1,1,1,1,1,0,0,0,0,0,0,46,1,0
58579,1618,SpYzera,NASR,sova,143,11,16,9,-5,0.63,106,0.26,1,3,-2,1,1,0,0,0,1,0,0,0,35,3,1
58579,6503,Sand,RAAD,killjoy,236,19,17,3,2,0.63,148,0.31,2,2,0,3,3,0,0,0,0,0,0,0,64,0,0
58579,8237,Depyro,RAAD,kayo,222,17,18,16,-1,0.67,142,0.28,2,1,1,4,1,0,0,0,0,0,0,0,54,1,0
58579,13057,zyad,RAAD,jett,202,17,18,2,-1,0.54,125,0.23,5,4,1,3,2,0,0,0,0,0,0,0,60,0,1
58579,14798,SkaNoodles,RAAD,sova,151,10,14,6,-4,0.63,113,0.33,1,1,0,3,0,0,0,1,0,0,0,0,55,1,0
58579,14366,Shniider,RAAD,astra,138,13,17,4,-4,0.63,100,0.33,2,4,-2,4,0,0,0,0,0,0,0,0,34,1,1
58580,6505,RockeT,NASR,raze,263,16,17,8,-1,0.75,186,0.19,4,4,0,5,0,0,0,0,0,0,0,0,63,0,0
58580,1618,SpYzera,NASR,kayo,242,17,12,7,5,0.7,148,0.12,3,1,2,5,1,0,0,1,0,0,0,0,67,3,0
58580,1617,alvar,NASR,sage,218,17,11,6,6,0.85,149,0.33,3,1,2,3,1,0,0,0,0,0,0,0,59,1,0
58580,1242,rheat,NASR,astra,171,13,15,3,-2,0.65,108,0.28,1,1,0,4,0,0,0,0,0,0,0,0,36,0,0
58580,5601,OuTLaW,NASR,killjoy,110,9,11,3,-2,0.7,83,0.37,1,1,0,2,0,0,0,0,0,0,0,0,41,0,2
58580,10458,phaze,RAAD,sage,208,15,13,2,2,0.65,133,0.3,2,0,2,2,1,0,0,0,0,0,0,0,78,4,0
58580,6503,Sand,RAAD,killjoy,203,13,15,2,-2,0.75,139,0.28,2,0,2,4,0,0,0,0,0,0,0,0,47,0,0
58580,8237,Depyro,RAAD,breach,197,14,15,8,-1,0.75,146,0.26,0,1,-1,4,0,0,0,0,0,0,0,0,57,2,0
58580,14366,Shniider,RAAD,astra,178,12,15,2,-3,0.7,118,0.25,1,4,-3,2,1,0,0,0,0,0,0,0,48,0,0
58580,13057,zyad,RAAD,jett,167,12,14,0,-2,0.5,85,0.29,3,7,-4,0,1,1,0,0,0,0,0,0,41,0,0
58581,6505,RockeT,NASR,jett,273,24,20,7,4,0.85,169,0.25,8,5,3,3,2,1,0,0,0,0,0,0,85,0,1
58581,1618,SpYzera,NASR,breach,248,23,15,8,8,0.88,155,0.3,0,0,0,5,2,0,0,1,0,0,0,0,61,8,1
58581,1617,alvar,NASR,kayo,213,21,15,11,6,0.81,136,0.16,1,1,0,4,1,0,0,0,1,0,0,0,58,0,0
58581,1242,rheat,NASR,cypher,204,19,19,6,0,0.65,138,0.32,3,5,-2,2,0,1,0,0,0,0,0,0,41,0,0
58581,5601,OuTLaW,NASR,viper,147,12,21,16,-9,0.69,110,0.22,1,2,-1,3,0,0,0,0,0,0,0,0,41,2,0
58581,13057,zyad,RAAD,jett,250,24,20,3,4,0.62,153,0.38,5,5,0,4,2,1,0,0,0,0,0,0,57,0,0
58581,10458,phaze,RAAD,raze,223,21,22,3,-1,0.62,153,0.26,3,1,2,5,1,0,0,0,0,0,0,0,64,3,0
58581,14366,Shniider,RAAD,astra,221,20,19,9,1,0.77,145,0.48,3,2,1,4,1,0,0,0,0,0,0,0,52,1,1
58581,6503,Sand,RAAD,cypher,146,13,20,4,-7,0.69,93,0.37,2,4,-2,1,1,0,0,0,0,0,0,0,27,0,0
58581,8237,Depyro,RAAD,breach,137,12,18,12,-6,0.69,91,0.14,0,1,-1,1,1,0,0,0,1,0,0,0,34,5,1
60645,823,Rebo,RAD,astra,280,17,10,4,7,0.76,184,0.17,2,2,0,4,1,0,0,0,0,0,0,0,82,0,0
60645,3984,FIEND,RAD,chamber,240,14,13,3,1,0.59,154,0.19,4,4,0,4,0,0,0,0,0,0,0,0,53,0,0
60645,603,sSef,RAD,viper,214,15,8,8,7,0.76,148,0.35,2,1,1,1,3,0,0,0,0,1,0,0,61,0,1
60645,4009,cheatcode,RAD,skye,193,14,9,3,5,0.76,122,0.23,1,0,1,2,1,0,0,0,0,0,0,0,53,1,0
60645,5157,venture,RAD,sova,192,10,10,7,0,0.88,132,0.24,1,0,1,1,1,0,0,0,0,0,0,0,57,2,0
60645,8862,Uncreative,Icar,sova,254,16,13,4,3,0.71,163,0.31,0,1,-1,1,1,1,0,0,0,0,0,0,71,2,0
60645,5112,Jeba,Icar,jett,227,13,15,0,-2,0.53,142,0.44,5,5,0,5,0,0,0,0,0,0,0,0,55,0,0
60645,14113,hoot,Icar,chamber,143,8,14,3,-6,0.65,110,0.24,0,3,-3,1,0,0,0,0,0,0,0,0,49,0,0
60645,8409,PrimeMCD,Icar,viper,133,7,13,5,-6,0.59,82,0.13,1,0,1,0,0,1,0,0,0,0,0,0,33,1,0
60645,7498,kipp,Icar,skye,112,6,15,3,-9,0.53,81,0.21,1,1,0,1,0,0,0,0,0,0,0,0,31,0,0
60646,3984,FIEND,RAD,jett,274,20,15,2,5,0.67,184,0.29,7,4,3,2,1,0,1,0,0,0,0,0,72,0,0
60646,603,sSef,RAD,viper,250,20,14,4,6,0.76,180,0.21,1,2,-1,4,1,0,0,0,0,0,0,0,80,0,1
60646,4009,cheatcode,RAD,raze,234,17,12,5,5,0.76,174,0.22,1,2,-1,2,2,0,0,1,0,0,0,0,74,1,0
60646,823,Rebo,RAD,astra,165,12,17,7,-5,0.71,102,0.09,1,2,-1,2,0,0,0,0,0,0,0,0,33,0,0
60646,5157,venture,RAD,skye,163,14,11,15,3,0.86,112,0.3,0,2,-2,2,1,0,0,2,0,0,0,0,50,6,0
60646,8409,PrimeMCD,Icar,astra,215,16,16,6,0,0.76,137,0.21,0,1,-1,3,1,0,0,0,0,0,0,0,52,2,0
60646,14113,hoot,Icar,killjoy,213,14,16,5,-2,0.62,136,0.18,2,0,2,4,0,0,0,1,0,0,0,0,58,2,0
60646,8862,Uncreative,Icar,sage,206,15,17,6,-2,0.57,129,0.41,3,3,0,3,2,0,0,0,0,0,0,0,48,2,0
60646,5112,Jeba,Icar,raze,182,13,17,3,-4,0.67,119,0.17,3,3,0,1,1,0,0,0,0,0,0,0,51,1,0
60646,7498,kipp,Icar,viper,124,10,17,3,-7,0.57,76,0.3,3,2,1,2,0,0,0,0,0,0,0,0,31,0,1
60648,2125,Nanners,TB,killjoy,374,26,12,7,14,0.89,244,0.26,3,1,2,5,2,1,0,1,0,0,0,0,85,0,1
60648,12904,royal,TB,sova,278,19,12,8,7,0.84,191,0.41,2,1,1,1,1,2,0,0,0,0,0,0,75,2,0
60648,1765,ohai,TB,viper,226,18,8,3,10,0.79,143,0.41,1,1,0,1,1,1,0,2,0,0,0,0,75,2,1
60648,6418,hydra,TB,raze,160,10,11,6,-1,0.79,104,0.18,2,2,0,1,2,0,0,0,0,0,0,0,43,1,0
60648,891,duck,TB,jett,90,6,12,1,-6,0.63,59,0.25,3,3,0,0,0,0,0,0,0,0,0,0,21,1,1
60648,5188,Apoth,RNG,viper,228,13,14,5,-1,0.58,163,0.33,2,3,-1,3,1,0,0,0,0,0,0,0,75,0,0
60648,146,randyySAVAGE,RNG,killjoy,211,14,16,1,-2,0.74,155,0.31,2,2,0,2,1,0,0,0,0,0,0,0,63,0,0
60648,68,Stronglegs,RNG,sova,187,11,15,5,-4,0.58,117,0.28,1,1,0,2,0,1,0,0,0,0,1,0,53,7,1
60648,893,RetrQ,RNG,reyna,167,9,17,3,-8,0.58,108,0.3,2,2,0,2,0,0,0,0,0,0,0,0,42,0,0
60648,5190,Lin,RNG,jett,110,8,17,0,-9,0.47,74,0.17,1,3,-2,2,0,0,0,0,0,0,0,0,28,0,0
60649,2125,Nanners,TB,cypher,192,11,15,3,-4,0.65,119,0.17,1,3,-2,2,1,0,0,0,0,0,0,0,51,0,0
60649,6418,hydra,TB,skye,169,9,15,5,-6,0.59,118,0.29,0,2,-2,3,0,0,0,0,0,0,0,0,45,0,0
60649,891,duck,TB,jett,160,9,13,2,-4,0.59,107,0.35,3,3,0,0,1,0,0,0,0,0,0,0,50,1,0
60649,12904,royal,TB,sova,155,8,13,4,-5,0.53,104,0.36,1,0,1,1,1,0,0,0,0,0,0,0,46,1,0
60649,1765,ohai,TB,astra,136,8,13,5,-5,0.59,94,0.3,1,3,-2,2,1,0,0,0,0,1,0,0,46,0,1
60649,893,RetrQ,RNG,sova,333,22,7,4,15,0.94,187,0.21,3,1,2,6,2,0,0,0,0,0,0,0,86,1,0
60649,5190,Lin,RNG,jett,224,13,8,5,5,0.82,147,0.19,2,2,0,1,2,0,0,1,0,0,0,0,64,3,1
60649,146,randyySAVAGE,RNG,killjoy,193,12,11,4,1,0.71,142,0.2,0,1,-1,2,1,0,0,0,0,0,0,0,52,2,0
60649,5188,Apoth,RNG,astra,191,11,7,4,4,0.88,123,0.28,3,1,2,3,0,0,0,0,0,0,0,0,47,1,0
60649,68,Stronglegs,RNG,skye,159,11,12,2,-1,0.59,85,0.38,3,1,2,1,0,1,0,0,0,0,0,0,32,3,0
60650,6418,hydra,TB,raze,224,15,14,4,1,0.65,153,0.19,4,3,1,5,0,0,0,0,0,0,0,0,63,1,0
60650,891,duck,TB,sage,220,16,15,3,1,0.65,143,0.43,2,2,0,3,0,1,0,0,1,0,0,0,61,1,0
60650,2125,Nanners,TB,cypher,202,14,15,1,-1,0.55,140,0.43,2,1,1,3,1,0,0,0,0,0,0,0,57,1,0
60650,1765,ohai,TB,brimstone,186,13,15,12,-2,0.85,136,0.29,0,1,-1,1,1,0,0,0,0,0,0,0,64,1,1
60650,12904,royal,TB,breach,122,7,18,6,-11,0.5,91,0.35,1,4,-3,2,0,0,0,0,0,0,0,0,37,3,0
60650,5188,Apoth,RNG,astra,251,19,13,2,6,0.85,176,0.26,2,1,1,4,1,0,0,0,1,0,0,0,59,0,0
60650,68,Stronglegs,RNG,breach,219,18,12,9,6,0.8,136,0.28,2,0,2,4,0,0,0,0,0,0,0,0,52,4,1
60650,893,RetrQ,RNG,raze,190,14,11,2,3,0.7,138,0.18,1,1,0,4,0,0,0,0,1,0,0,0,62,0,1
60650,146,randyySAVAGE,RNG,viper,188,13,14,5,-1,0.55,120,0.19,4,2,2,2,1,0,0,0,0,0,0,0,45,1,0
60650,5190,Lin,RNG,chamber,184,13,15,3,-2,0.65,127,0.17,2,5,-3,4,0,0,0,0,0,1,0,0,53,1,0
60651,5129,ban,PK,jett,237,17,13,4,4,0.86,153,0.25,4,0,4,3,0,0,0,0,0,0,0,0,59,0,0
60651,3180,Frosty,PK,killjoy,228,18,15,3,3,0.71,167,0.23,1,4,-3,2,2,0,0,0,0,0,0,0,67,2,0
60651,1023,XXiF,PK,sage,226,16,13,5,3,0.71,170,0.29,2,3,-1,5,0,0,0,0,0,0,0,0,71,1,0
60651,11118,skuba,PK,astra,215,17,14,7,3,0.81,146,0.26,3,2,1,2,1,1,0,3,0,0,0,0,63,2,2
60651,421,Genghsta,PK,sova,158,12,14,3,-2,0.71,110,0.17,2,0,2,3,0,0,0,1,0,0,0,0,52,3,1
60651,6432,Tkaz,LT,skye,292,21,18,2,3,0.81,178,0.37,4,2,2,4,2,0,0,0,0,0,0,0,55,2,0
60651,8343,DBK,LT,jett,202,15,16,2,-1,0.48,125,0.23,3,3,0,4,0,0,1,0,0,0,0,0,50,0,0
60651,466,ChurmZ,LT,sova,198,12,16,4,-4,0.57,137,0.15,1,2,-1,2,0,1,0,0,0,0,0,0,51,1,0
60651,8399,mocking,LT,killjoy,195,14,17,3,-3,0.62,152,0.23,1,3,-2,3,1,0,0,0,0,0,0,0,63,1,0
60651,8397,dip,LT,astra,84,7,13,3,-6,0.43,56,0.17,0,2,-2,1,1,0,0,1,0,0,0,0,22,1,2
60652,1023,XXiF,PK,jett,268,23,15,1,8,0.63,158,0.31,6,3,3,4,2,0,1,0,0,0,0,0,59,0,0
60652,3180,Frosty,PK,killjoy,251,21,16,3,5,0.79,156,0.25,5,3,2,4,2,0,0,0,0,0,0,0,59,3,1
60652,11118,skuba,PK,astra,218,19,13,5,6,0.75,141,0.23,1,1,0,5,0,0,0,0,0,0,0,0,62,5,0
60652,421,Genghsta,PK,sova,197,15,15,12,0,0.67,143,0.39,0,0,0,3,1,0,0,0,0,0,0,0,54,2,0
60652,5129,ban,PK,skye,154,14,16,13,-2,0.71,100,0.21,2,3,-1,3,0,0,0,0,0,0,0,0,45,1,1
60652,8397,dip,LT,astra,197,16,18,5,-2,0.54,129,0.25,2,5,-3,2,2,0,0,1,1,0,0,0,50,2,1
60652,6432,Tkaz,LT,skye,189,16,16,6,0,0.67,129,0.38,1,3,-2,4,0,0,0,0,0,0,0,0,49,1,1
60652,466,ChurmZ,LT,sova,189,15,20,6,-5,0.63,130,0.18,2,1,1,1,1,0,0,0,0,0,0,0,40,4,0
60652,8399,mocking,LT,killjoy,172,15,16,3,-1,0.58,127,0.19,3,2,1,4,0,0,0,0,0,0,0,0,67,1,1
60652,8343,DBK,LT,jett,158,13,22,1,-9,0.5,102,0.47,2,3,-1,2,0,0,0,0,0,0,0,0,34,0,0
60654,844,bdog,LG,jett,427,25,4,2,21,0.87,231,0.29,4,0,4,3,3,2,0,0,0,0,0,0,108,1,0
60654,7458,moose,LG,viper,279,16,3,3,13,0.93,198,0.27,2,0,2,6,0,0,0,0,0,0,0,0,175,0,0
60654,5132,mada,LG,reyna,225,11,10,2,1,0.73,158,0.31,3,1,2,3,0,0,0,0,0,0,0,0,78,0,0
60654,769,TiGG,LG,chamber,181,9,6,2,3,1,105,0.21,2,1,1,2,0,0,0,0,0,0,0,0,60,0,0
60654,3757,dazzLe,LG,sova,157,10,6,3,4,0.93,114,0.5,1,1,0,2,0,0,0,0,0,0,0,0,57,0,0
60654,19293,evaD,Pho,sova,152,7,13,4,-6,0.53,93,0.15,1,0,1,1,0,0,0,0,0,0,0,0,37,1,0
60654,19291,Bobovo,Pho,chamber,132,7,13,1,-6,0.4,84,0.33,1,4,-3,0,1,0,0,0,0,0,0,0,40,0,0
60654,16757,Cohburg,Pho,sage,129,6,15,2,-9,0.53,92,0.27,1,2,-1,1,0,0,0,0,0,0,0,0,42,0,0
60654,21542,Zento,Pho,viper,127,6,15,1,-9,0.47,83,0.32,0,1,-1,1,0,0,0,0,0,0,0,0,34,0,0
60654,1080,Dopai,Pho,raze,87,3,15,2,-12,0.27,71,0.14,0,5,-5,0,0,0,0,0,0,0,0,0,25,0,0
60655,844,bdog,LG,jett,330,21,5,4,16,0.88,194,0.32,5,0,5,3,2,1,0,0,0,0,0,0,88,1,1
60655,5132,mada,LG,skye,257,15,8,3,7,0.69,155,0.32,4,1,3,3,2,0,0,0,0,0,0,0,82,1,0
60655,3757,dazzLe,LG,sova,250,13,7,4,6,0.75,166,0.26,1,3,-2,2,2,0,0,0,0,0,0,0,64,0,0
60655,769,TiGG,LG,viper,236,13,8,5,5,0.69,155,0.26,0,2,-2,4,1,0,0,0,0,0,0,0,50,1,0
60655,7458,moose,LG,cypher,124,10,4,2,6,0.88,92,0.23,0,0,0,1,0,0,0,0,0,0,0,0,54,0,0
60655,19291,Bobovo,Pho,chamber,242,13,14,0,-1,0.5,138,0.46,4,3,1,5,0,0,0,0,0,0,0,0,63,0,0
60655,21542,Zento,Pho,viper,149,7,13,3,-6,0.5,99,0.3,1,0,1,1,0,0,0,0,1,0,1,0,50,2,0
60655,16757,Cohburg,Pho,astra,123,5,15,2,-10,0.38,105,0.22,0,2,-2,0,0,0,0,0,0,0,0,0,45,0,0
60655,1080,Dopai,Pho,skye,86,4,15,1,-11,0.31,53,0.21,1,2,-1,0,0,0,0,0,0,0,0,0,20,1,0
60655,19293,evaD,Pho,sova,82,3,15,3,-12,0.25,61,0.09,0,3,-3,1,0,0,0,0,0,0,0,0,25,1,0
60657,8419,Reduxx,ex-FB,jett,340,25,10,1,15,0.74,219,0.39,4,2,2,4,4,0,0,2,0,0,0,0,92,1,0
60657,865,Nurfed,ex-FB,viper,217,16,12,2,4,0.68,138,0.24,2,3,-1,2,2,0,0,0,0,0,0,0,53,4,1
60657,21901,WhoFramedMe,ex-FB,sova,205,15,11,5,4,0.74,149,0.4,0,2,-2,3,0,0,0,0,0,0,0,0,70,4,0
60657,2450,Rustun,ex-FB,cypher,202,14,14,2,0,0.58,115,0.37,3,3,0,4,0,0,0,0,0,0,0,0,45,0,0
60657,21668,Verno,ex-FB,skye,163,12,13,6,-1,0.79,116,0.29,0,0,0,0,0,0,0,0,0,0,0,0,39,2,0
60657,19677,LUCAS,Gift,jett,322,21,17,4,4,0.74,198,0.36,3,2,1,3,2,0,0,0,0,0,0,0,85,0,1
60657,9065,Pix,Gift,sova,219,14,15,3,-1,0.68,167,0.46,0,2,-2,0,0,1,0,1,0,0,0,0,75,3,1
60657,9835,Ali,Gift,viper,202,12,16,3,-4,0.58,133,0.27,3,0,3,2,0,0,0,0,0,0,0,0,54,0,0
60657,12918,SexyChristian,Gift,cypher,123,8,16,0,-8,0.53,90,0.4,4,0,4,0,0,0,0,0,0,0,0,0,38,0,1
60657,8519,Tairany,Gift,skye,80,5,18,2,-13,0.53,59,0.11,0,5,-5,1,0,0,0,0,1,0,0,0,23,0,0
60658,8419,Reduxx,ex-FB,jett,354,19,11,8,8,0.81,255,0.22,3,1,2,5,1,0,0,0,0,0,0,0,90,0,0
60658,21668,Verno,ex-FB,skye,289,19,8,6,11,0.88,200,0.3,1,2,-1,4,2,0,0,2,0,0,0,0,99,1,0
60658,2450,Rustun,ex-FB,chamber,222,14,10,3,4,0.81,135,0.24,3,1,2,3,1,0,0,0,0,0,0,0,63,1,0
60658,865,Nurfed,ex-FB,astra,178,10,10,6,0,0.94,114,0.16,1,2,-1,1,0,0,0,0,0,0,0,0,46,5,0
60658,21901,WhoFramedMe,ex-FB,sova,153,11,6,2,5,0.88,101,0.33,1,1,0,3,0,0,0,2,0,0,0,0,54,3,0
60658,8519,Tairany,Gift,skye,251,14,14,4,0,0.81,149,0.25,3,0,3,3,0,0,0,0,0,0,0,0,56,0,0
60658,9065,Pix,Gift,sova,171,8,14,3,-6,0.63,134,0.28,1,2,-1,3,0,0,0,0,0,0,0,0,53,0,1
60658,19677,LUCAS,Gift,jett,170,11,14,0,-3,0.69,92,0.23,1,5,-4,3,0,0,0,0,0,0,0,0,36,0,0
60658,9835,Ali,Gift,cypher,142,7,16,1,-9,0.5,97,0.15,1,2,-1,1,0,0,0,0,0,0,0,0,38,0,0
60658,12918,SexyChristian,Gift,astra,91,5,15,4,-10,0.38,69,0.19,1,0,1,0,0,0,0,0,0,0,0,0,28,0,0
60666,3012,riku,PK.A,killjoy,287,21,15,6,6,0.67,202,0.14,2,3,-1,3,2,1,0,1,0,0,0,0,73,1,0
60666,2161,leak,PK.A,sova,238,18,15,15,3,0.86,154,0.25,3,1,2,4,0,0,0,0,0,0,0,0,54,6,1
60666,6572,pureVNS,PK.A,astra,209,17,13,5,4,0.67,145,0.36,0,3,-3,5,1,0,0,0,0,0,0,0,56,1,0
60666,4931,Add3r,PK.A,chamber,193,15,10,3,5,0.76,140,0.38,2,1,1,1,1,0,0,0,0,0,0,0,77,4,1
60666,19618,stare,PK.A,jett,159,12,16,6,-4,0.81,103,0.17,4,2,2,3,0,0,0,0,0,0,0,0,38,0,0
60666,6464,poiz,C9A,jett,240,18,17,3,1,0.71,155,0.37,4,3,1,3,2,0,0,0,0,0,0,0,59,1,1
60666,2119,renz,C9A,skye,228,16,19,6,-3,0.67,151,0.31,3,2,1,4,1,0,0,0,0,0,0,0,56,2,1
60666,3138,instinct,C9A,sova,222,17,13,5,4,0.76,158,0.25,0,1,-1,2,2,0,0,1,1,0,0,0,63,1,2
60666,8286,GLYPH,C9A,astra,162,11,15,10,-4,0.81,114,0.3,2,1,1,3,0,0,0,0,0,0,0,0,49,1,0
60666,21433,erkaSt,C9A,killjoy,115,7,19,7,-12,0.52,84,0.18,1,4,-3,2,0,0,0,0,0,0,0,0,30,1,0
60667,19618,stare,PK.A,jett,285,17,9,5,8,0.82,177,0.19,3,2,1,3,2,0,0,0,0,0,0,0,73,0,2
60667,6572,pureVNS,PK.A,skye,259,17,11,6,6,0.82,179,0.25,0,1,-1,3,0,1,0,0,0,0,0,0,75,1,0
60667,3012,riku,PK.A,chamber,229,15,11,2,4,0.65,156,0.14,1,2,-1,4,1,0,0,0,0,0,0,0,69,0,0
60667,2161,leak,PK.A,sova,168,11,12,3,-1,0.65,105,0.3,0,2,-2,2,0,0,0,0,0,0,0,0,38,0,0
60667,4931,Add3r,PK.A,viper,159,9,11,5,-2,0.65,102,0.35,2,4,-2,2,0,0,0,2,0,0,0,0,62,4,0
60667,2119,renz,C9A,chamber,208,12,14,3,-2,0.65,132,0.27,4,1,3,3,0,0,0,0,0,0,0,0,57,0,0
60667,21433,erkaSt,C9A,viper,176,12,13,4,-1,0.76,122,0.48,0,0,0,4,0,0,0,1,0,0,0,0,49,3,0
60667,8286,GLYPH,C9A,skye,175,10,15,5,-5,0.65,123,0.21,2,2,0,0,1,0,0,0,0,0,0,0,47,1,0
60667,6464,poiz,C9A,jett,174,10,14,3,-4,0.76,111,0.26,4,3,1,2,0,0,0,0,0,0,0,0,47,1,0
60667,3138,instinct,C9A,sova,167,10,13,3,-3,0.76,105,0.21,1,0,1,1,1,0,0,0,0,0,0,0,47,1,0
60723,5132,mada,LG,reyna,314,18,8,5,10,0.81,208,0.31,4,2,2,2,3,0,0,0,0,0,0,0,107,0,1
60723,844,bdog,LG,jett,246,14,10,6,4,0.75,183,0.24,1,1,0,4,0,0,0,0,0,0,0,0,85,0,0
60723,7458,moose,LG,viper,208,15,4,6,11,0.94,129,0.42,1,0,1,4,0,0,0,0,0,0,0,0,76,0,0
60723,3757,dazzLe,LG,sova,189,9,8,6,1,0.69,128,0.15,1,0,1,2,1,0,0,0,0,0,0,0,57,4,0
60723,769,TiGG,LG,chamber,187,12,8,3,4,0.88,118,0.23,5,1,4,2,1,0,0,0,0,0,0,0,75,7,0
60723,19677,LUCAS,Gift,jett,203,11,13,2,-2,0.75,127,0.21,1,4,-3,2,0,0,0,0,0,0,0,0,52,0,1
60723,9835,Ali,Gift,killjoy,162,9,13,2,-4,0.69,98,0.17,0,0,0,2,0,0,0,0,0,0,0,0,40,1,0
60723,8519,Tairany,Gift,reyna,148,8,14,2,-6,0.38,89,0.4,2,5,-3,3,0,0,0,0,0,0,0,0,36,0,0
60723,9065,Pix,Gift,sova,141,7,14,2,-7,0.63,91,0.33,0,2,-2,2,0,0,0,0,0,0,0,0,39,0,0
60723,12918,SexyChristian,Gift,viper,68,3,14,1,-11,0.38,59,0.2,1,1,0,0,0,0,0,0,0,0,0,0,26,1,0
60729,5129,ban,PK,jett,296,19,9,4,10,0.76,187,0.18,5,3,2,5,0,1,0,0,0,0,0,0,63,1,0
60729,1023,XXiF,PK,sage,281,18,12,6,6,0.88,181,0.38,1,2,-1,4,1,0,0,0,0,0,0,0,66,1,0
60729,11118,skuba,PK,astra,231,15,9,5,6,0.76,167,0.22,2,1,1,2,1,0,0,0,0,0,0,0,64,5,0
60729,3180,Frosty,PK,killjoy,203,12,10,4,2,0.76,155,0.24,1,1,0,3,0,0,0,0,0,0,0,0,79,1,0
60729,421,Genghsta,PK,sova,193,12,7,4,5,0.82,125,0.22,1,0,1,3,1,0,0,0,0,0,0,0,64,2,0
60729,5057,THOOMER,Ex-D,viper,268,15,14,4,1,0.88,163,0.22,1,1,0,3,1,0,0,0,0,0,0,0,70,0,1
60729,13797,Philip,Ex-D,astra,189,10,16,3,-6,0.53,111,0.33,4,2,2,2,0,1,0,0,0,0,0,0,44,0,0
60729,20342,Bear,Ex-D,sova,189,10,15,3,-5,0.47,121,0.19,0,0,0,1,1,0,0,0,0,0,0,0,45,2,0
60729,3004,AlphaFly,Ex-D,skye,123,8,15,5,-7,0.71,75,0.3,1,6,-5,2,0,0,0,0,0,0,0,0,28,0,0
60729,14388,konoxians,Ex-D,chamber,106,4,16,2,-12,0.41,87,0.15,1,1,0,0,0,0,0,0,0,0,0,0,39,0,0
60730,6463,bazix,Guns,skye,264,24,18,5,6,0.75,182,0.36,4,4,0,6,2,0,0,3,0,0,0,0,74,0,2
60730,1543,Flippsy,Guns,astra,231,20,18,6,2,0.71,151,0.34,1,1,0,4,1,0,0,0,0,0,0,0,58,1,0
60730,3884,Complex,Guns,raze,185,14,17,6,-3,0.83,123,0.21,2,2,0,3,0,0,0,0,0,0,0,0,54,1,1
60730,15440,Storax,Guns,sova,180,15,17,6,-2,0.67,133,0.35,2,3,-1,3,0,0,0,0,0,0,0,0,53,1,2
60730,4399,Stealthy,Guns,viper,118,10,18,4,-8,0.63,88,0.37,1,4,-3,1,1,0,0,1,0,0,0,0,36,0,0
60730,2119,renz,C9A,skye,265,23,16,4,7,0.79,174,0.6,3,1,2,3,3,0,0,0,0,0,0,0,68,2,0
60730,6464,poiz,C9A,jett,220,18,18,4,0,0.67,149,0.27,3,5,-2,3,1,1,0,0,0,0,0,0,61,0,0
60730,3138,instinct,C9A,sova,213,20,14,4,6,0.83,134,0.36,4,0,4,3,1,0,0,0,0,0,0,0,54,0,1
60730,21433,erkaSt,C9A,viper,168,15,18,5,-3,0.71,117,0.27,1,2,-1,1,0,0,0,0,0,0,0,0,45,4,0
60730,8286,GLYPH,C9A,astra,140,12,17,7,-5,0.71,96,0.27,3,2,1,2,1,0,0,0,0,0,0,0,36,1,0
60733,18850,demon,ASP,jett,266,24,14,3,10,0.75,154,0.22,5,2,3,6,2,0,0,1,1,0,0,0,58,0,1
60733,21591,laddermoves,ASP,viper,223,19,19,5,0,0.63,137,0.16,2,2,0,1,1,1,0,0,0,0,0,0,45,0,0
60733,13084,smiley,ASP,skye,193,16,17,5,-1,0.75,126,0.23,3,1,2,3,1,0,0,0,0,0,0,0,48,2,0
60733,9049,ARES,ASP,sova,159,13,15,9,-2,0.67,116,0.25,1,6,-5,1,1,0,0,0,0,0,0,0,47,3,1
60733,21669,dino,ASP,astra,146,11,17,9,-6,0.71,115,0.29,1,1,0,1,0,0,0,0,0,0,0,0,45,3,0
60733,5188,Apoth,RNG,astra,246,22,18,4,4,0.75,156,0.34,3,1,2,5,0,0,0,0,0,0,0,0,58,1,0
60733,146,randyySAVAGE,RNG,viper,212,19,16,3,3,0.71,145,0.16,0,3,-3,3,2,0,0,0,0,0,0,0,55,1,0
60733,5190,Lin,RNG,jett,179,14,18,3,-4,0.63,112,0.1,6,5,1,2,1,0,0,0,0,0,0,0,50,0,0
60733,68,Stronglegs,RNG,skye,178,15,15,3,0,0.75,116,0.32,2,0,2,2,0,1,0,0,0,0,0,0,50,4,0
60733,893,RetrQ,RNG,sova,138,12,16,5,-4,0.63,98,0.26,1,3,-2,2,0,0,0,0,0,0,0,0,42,1,2
60734,8419,Reduxx,ex-FB,jett,278,19,14,10,5,0.75,195,0.29,4,4,0,2,2,0,0,0,1,0,0,0,81,0,1
60734,865,Nurfed,ex-FB,viper,233,17,12,3,5,0.7,142,0.22,1,2,-1,2,3,0,0,0,0,1,0,0,60,4,1
60734,2450,Rustun,ex-FB,cypher,204,16,15,4,1,0.65,137,0.27,0,1,-1,5,0,0,0,0,0,0,0,0,52,0,0
60734,21668,Verno,ex-FB,skye,186,14,9,10,5,0.9,123,0.19,4,0,4,4,0,0,0,1,0,0,0,0,54,1,0
60734,21901,WhoFramedMe,ex-FB,sova,159,12,13,2,-1,0.7,105,0.32,2,2,0,2,0,0,0,0,0,0,0,0,42,2,0
60734,19291,Bobovo,Pho,chamber,328,24,16,0,8,0.7,205,0.25,6,2,4,4,3,0,0,0,0,0,0,0,80,0,0
60734,1080,Dopai,Pho,skye,200,14,16,6,-2,0.7,126,0.24,1,1,0,3,0,0,0,0,0,0,0,0,47,1,0
60734,21542,Zento,Pho,viper,193,12,15,5,-3,0.8,128,0.31,1,0,1,4,0,0,0,0,0,0,0,0,59,2,0
60734,16757,Cohburg,Pho,astra,131,10,16,1,-6,0.55,80,0.35,1,5,-4,1,1,0,0,0,0,0,0,0,43,0,0
60734,19293,evaD,Pho,sova,65,3,15,10,-12,0.55,56,0.18,0,3,-3,1,0,0,0,1,0,0,0,0,21,1,1
60736,3012,riku,PK.A,killjoy,239,19,17,6,2,0.74,170,0.17,2,1,1,5,0,0,0,2,0,0,0,0,63,4,2
60736,4931,Add3r,PK.A,chamber,239,21,17,4,4,0.78,166,0.38,1,3,-2,5,1,0,0,0,0,0,0,0,69,2,0
60736,6572,pureVNS,PK.A,astra,220,19,14,6,5,0.87,163,0.41,1,1,0,3,1,0,0,3,0,0,0,0,69,1,2
60736,2161,leak,PK.A,sova,211,18,18,5,0,0.87,138,0.35,0,2,-2,6,0,0,0,0,0,0,0,0,48,1,1
60736,19618,stare,PK.A,jett,175,14,22,2,-8,0.57,109,0.28,4,8,-4,3,0,0,0,0,0,0,0,0,34,0,0
60736,1107,contii,Mina,astra,242,22,18,6,4,0.78,131,0.17,3,1,2,3,3,0,0,0,0,0,0,0,47,0,0
60736,2116,mina,Mina,jett,242,20,18,8,2,0.83,161,0.19,1,1,0,0,3,0,0,0,0,0,0,0,61,0,0
60736,1413,Moechilla,Mina,chamber,236,18,21,6,-3,0.74,157,0.45,6,2,4,5,1,0,0,0,0,0,0,0,61,0,0
60736,846,RESHURA,Mina,sova,192,16,15,6,1,0.74,127,0.3,3,2,1,3,0,0,0,1,1,0,0,0,49,3,3
60736,904,Kyro,Mina,skye,141,12,19,2,-7,0.61,94,0.19,2,2,0,3,0,0,0,0,0,0,0,0,38,5,0
60709,603,sSef,RAD,viper,365,22,9,5,13,0.94,220,0.28,3,1,2,4,2,1,0,0,0,0,0,0,100,0,0
60709,4009,cheatcode,RAD,raze,291,15,9,4,6,0.69,190,0.3,2,1,1,3,2,0,0,0,0,0,0,0,78,1,0
60709,823,Rebo,RAD,astra,221,15,6,4,9,0.88,126,0.32,1,2,-1,4,1,0,0,1,0,0,0,0,57,1,1
60709,5157,venture,RAD,sova,177,10,6,11,4,0.94,112,0.32,2,0,2,3,0,0,0,0,0,0,0,0,51,1,2
60709,3984,FIEND,RAD,sage,170,10,7,11,3,0.81,110,0.13,3,1,2,0,1,0,0,0,0,0,0,0,47,1,2
60709,8343,DBK,LT,raze,233,12,15,1,-3,0.5,148,0.19,1,3,-2,2,2,0,0,0,0,0,0,0,57,0,0
60709,8399,mocking,LT,viper,158,8,14,1,-6,0.38,106,0.3,2,4,-2,1,0,1,0,0,0,0,0,0,41,1,0
60709,8397,dip,LT,astra,125,7,15,1,-8,0.31,76,0.38,1,1,0,2,0,0,0,0,0,0,0,0,28,3,0
60709,466,ChurmZ,LT,sova,107,5,14,2,-9,0.44,72,0.12,0,3,-3,1,0,0,0,0,0,0,0,0,31,1,0
60709,6432,Tkaz,LT,skye,92,5,14,4,-9,0.31,61,0.27,1,0,1,1,0,0,0,0,0,0,0,0,24,2,0
60710,891,duck,TB,jett,278,18,11,6,7,0.94,174,0.2,6,1,5,4,0,0,0,0,0,0,0,0,87,0,0
60710,12904,royal,TB,sova,224,15,10,9,5,1,148,0.38,2,2,0,5,0,0,0,0,1,0,0,0,63,0,0
60710,2125,Nanners,TB,killjoy,222,14,11,6,3,0.72,160,0.13,2,1,1,1,2,0,0,0,0,0,0,0,67,0,0
60710,6418,hydra,TB,kayo,208,15,5,12,10,0.83,155,0.22,1,0,1,4,1,0,0,0,0,0,0,0,73,4,0
60710,1765,ohai,TB,astra,205,14,10,10,4,0.89,139,0.27,1,2,-1,5,0,0,0,0,0,0,0,0,55,4,0
60710,8345,ZexRow,BA,jett,210,13,15,3,-2,0.61,147,0.29,2,4,-2,5,0,0,0,0,0,0,0,0,61,0,0
60710,31,Trick,BA,sova,183,8,16,12,-8,0.67,142,0.13,0,0,0,1,0,0,0,0,0,0,0,0,59,0,0
60710,4001,Jangler,BA,killjoy,161,10,13,3,-3,0.61,120,0.41,0,1,-1,2,1,0,0,1,0,0,0,0,56,1,1
60710,3882,Menace,BA,astra,150,8,16,7,-8,0.44,102,0.17,1,3,-2,1,1,0,0,0,0,0,0,0,43,0,0
60710,6434,caders,BA,kayo,127,8,16,7,-8,0.5,75,0.14,3,4,-1,1,0,0,0,0,0,0,0,0,32,1,0
60717,146,randyySAVAGE,RNG,sova,293,18,5,1,13,0.93,190,0.3,3,0,3,3,0,0,1,0,0,1,0,0,114,2,1
60717,68,Stronglegs,RNG,kayo,274,16,6,8,10,0.87,185,0.31,0,0,0,4,1,0,0,0,0,0,0,0,79,1,0
60717,893,RetrQ,RNG,cypher,228,12,12,4,0,0.67,145,0.25,2,2,0,4,0,0,0,0,0,0,0,0,51,0,0
60717,5190,Lin,RNG,jett,213,12,8,2,4,0.73,135,0.16,3,2,1,1,0,1,0,1,0,0,0,0,63,0,0
60717,5188,Apoth,RNG,viper,186,11,8,5,3,0.87,129,0.36,2,1,1,2,0,0,0,0,0,0,0,0,56,0,0
60717,21749,Money,,kayo,178,7,14,10,-7,0.73,136,0.23,1,1,0,2,0,0,0,0,0,0,0,0,55,1,0
60717,21750,Kenny,Zeni,chamber,174,10,14,0,-4,0.73,116,0.5,2,0,2,1,0,0,0,0,0,0,0,0,49,0,0
60717,12873,Dagr1s,Zeni,jett,160,8,14,1,-6,0.53,103,0.35,1,6,-5,1,1,0,0,0,0,0,0,0,48,0,0
60717,21748,nPanda,Zeni,viper,142,8,13,5,-5,0.6,115,0.33,0,2,-2,2,0,0,0,1,0,0,0,0,48,2,0
60717,10031,BODA,Zeni,sova,130,6,14,1,-8,0.4,83,0.18,1,1,0,1,1,0,0,0,0,0,0,0,36,0,0
60718,2450,Rustun,ex-FB,killjoy,344,18,8,6,10,0.93,241,0.24,3,1,2,3,1,1,0,0,0,0,0,0,100,0,0
60718,865,Nurfed,ex-FB,astra,293,17,4,11,13,0.93,174,0.18,0,1,-1,5,2,0,0,0,0,0,0,0,84,1,0
60718,21668,Verno,ex-FB,kayo,239,14,6,12,8,1,156,0.21,1,0,1,4,1,0,0,0,0,0,0,0,80,1,1
60718,21901,WhoFramedMe,ex-FB,sova,213,15,6,7,9,0.93,122,0.14,1,1,0,5,0,0,0,0,0,0,0,0,67,0,1
60718,8419,Reduxx,ex-FB,jett,180,8,9,5,-1,0.8,132,0.14,4,3,1,1,1,0,0,0,0,0,0,0,56,0,0
60718,3879,Huston,YFP,killjoy,283,13,15,1,-2,0.53,179,0.11,3,1,2,2,0,1,0,0,0,0,0,0,78,0,0
60718,5052,plat1num,YFP,sova,144,6,14,2,-8,0.6,108,0.35,1,1,0,0,0,0,0,0,0,0,0,0,44,1,0
60718,186,intox,YFP,skye,107,5,15,2,-10,0.53,70,0.07,0,2,-2,1,0,0,0,0,0,0,0,0,29,0,0
60718,3987,Pingfu,YFP,astra,91,5,13,0,-8,0.27,63,0.42,0,1,-1,1,0,0,0,1,0,0,0,0,26,2,0
60718,13064,Bape,YFP,jett,82,4,15,0,-11,0.33,56,0.5,2,4,-2,0,0,0,0,0,0,0,0,0,21,0,0
60720,4931,Add3r,PK.A,chamber,236,22,14,1,8,0.67,152,0.31,4,4,0,2,2,0,0,0,0,0,0,0,62,0,0
60720,19618,stare,PK.A,jett,235,21,15,5,6,0.63,148,0.33,3,1,2,2,2,0,0,0,0,0,0,0,59,0,2
60720,6572,pureVNS,PK.A,viper,224,18,17,12,1,0.88,152,0.37,4,1,3,1,2,0,0,0,0,0,0,0,61,4,0
60720,3012,riku,PK.A,sage,203,17,15,10,2,0.79,134,0.22,1,2,-1,4,1,0,0,0,0,0,0,0,55,5,0
60720,2161,leak,PK.A,sova,118,11,14,6,-3,0.63,80,0.36,2,2,0,4,0,0,0,0,0,0,0,0,36,2,0
60720,185,ZerG,TI,chamber,230,19,17,3,2,0.71,153,0.23,3,3,0,3,1,0,0,1,0,0,0,0,57,3,1
60720,754,nerve,TI,viper,222,19,16,5,3,0.5,138,0.27,1,1,0,3,2,1,0,2,0,0,0,0,67,4,0
60720,1861,eVoL,TI,sova,215,17,18,7,-1,0.79,140,0.35,1,1,0,3,1,0,0,0,0,0,0,0,54,1,1
60720,20337,syfi,TI,jett,128,11,18,3,-7,0.58,93,0.33,2,7,-5,1,0,0,0,0,0,0,0,0,35,0,0
60720,1021,Morgausse,TI,reyna,123,9,20,4,-11,0.46,87,0.1,3,2,1,2,0,0,0,0,0,0,0,0,30,2,0
60699,6464,poiz,C9A,jett,256,17,17,3,0,0.8,158,0.33,3,4,-1,3,0,1,0,0,0,0,0,0,58,0,1
60699,8286,GLYPH,C9A,astra,232,15,15,9,0,0.85,163,0.26,5,1,4,2,1,0,0,0,0,0,0,0,56,1,1
60699,3138,instinct,C9A,sova,226,17,12,9,5,0.8,173,0.28,0,2,-2,5,0,0,0,0,2,0,0,0,78,1,2
60699,2119,renz,C9A,kayo,225,17,14,10,3,0.75,132,0.24,1,4,-3,2,2,0,0,1,0,0,0,0,52,1,2
60699,21433,erkaSt,C9A,cypher,138,11,14,1,-3,0.6,98,0.23,0,0,0,2,1,0,0,1,0,0,0,0,39,1,0
60699,20957,stunna,Disc,jett,250,21,14,4,7,0.9,167,0.19,1,2,-1,1,3,0,0,0,0,0,0,0,70,1,1
60699,16027,Crown,Disc,chamber,244,17,14,4,3,0.85,168,0.17,6,0,6,5,0,0,0,0,0,0,0,0,60,1,0
60699,20959,toozy,Disc,astra,214,15,16,8,-1,0.75,146,0.33,1,2,-1,3,1,0,0,0,0,0,0,0,53,4,0
60699,20958,Shiro,Disc,sova,182,11,16,7,-5,0.8,127,0.16,2,0,2,2,0,0,0,0,0,0,0,0,52,1,1
60699,16028,Klamran,Disc,kayo,132,8,17,11,-9,0.65,104,0.19,1,5,-4,1,0,0,0,0,0,0,0,0,44,0,0
60702,8419,Reduxx,ex-FB,jett,418,22,8,5,14,0.86,248,0.3,5,1,4,3,0,3,0,0,0,0,0,0,102,0,0
60702,2450,Rustun,ex-FB,cypher,300,15,7,6,8,0.93,193,0.29,4,0,4,3,1,0,0,0,0,0,0,0,92,0,0
60702,865,Nurfed,ex-FB,viper,273,14,3,3,11,0.93,185,0.23,2,1,1,5,0,0,0,0,0,0,0,0,161,7,0
60702,21901,WhoFramedMe,ex-FB,sova,154,10,7,4,3,0.71,120,0.45,0,0,0,2,0,0,0,0,0,0,0,0,62,5,0
60702,21668,Verno,ex-FB,skye,144,8,3,7,5,1,104,0.28,1,0,1,1,0,0,0,0,0,0,0,0,66,0,1
60702,8976,zhan,Tras,cypher,162,7,14,3,-7,0.64,112,0.24,0,1,-1,0,0,0,0,0,0,0,0,0,43,0,0
60702,13798,Dykaz,Tras,viper,158,8,14,1,-6,0.5,91,0.07,1,6,-5,2,0,0,0,0,0,0,0,0,35,0,0
60702,18171,AGO,Tras,sova,141,5,13,5,-8,0.64,107,0.25,0,2,-2,0,0,0,0,1,0,0,0,0,42,2,0
60702,21598,Vorteez,Tras,jett,127,5,14,0,-9,0.29,86,0.31,1,3,-2,1,0,0,0,0,0,0,0,0,34,0,0
60702,21597,aru,Tras,skye,98,3,14,0,-11,0.14,89,0.22,0,0,0,1,0,0,0,0,0,0,0,0,35,0,0
60704,2161,leak,PK.A,sova,336,16,6,6,10,0.92,231,0.32,2,0,2,1,3,0,0,0,0,0,0,0,115,0,0
60704,4931,Add3r,PK.A,chamber,289,15,7,2,8,0.85,198,0.31,2,1,1,2,3,0,0,1,0,1,0,0,73,1,0
60704,3012,riku,PK.A,killjoy,266,12,7,6,5,0.92,161,0.17,2,0,2,3,1,0,0,0,0,0,0,0,69,0,0
60704,19618,stare,PK.A,jett,246,12,5,1,7,0.85,157,0.22,4,0,4,0,2,0,0,0,0,0,0,0,135,0,0
60704,6572,pureVNS,PK.A,astra,153,8,4,8,4,0.92,108,0.41,1,1,0,1,1,0,0,0,0,0,0,0,64,0,2
60704,5098,Joeyy,Hugh,skye,290,13,13,3,0,0.62,168,0.39,0,0,0,3,1,0,0,0,0,0,0,0,64,0,0
60704,7495,perseverance,Hugh,sova,194,8,12,3,-4,0.69,149,0.35,0,0,0,1,0,0,0,0,0,0,0,0,58,1,0
60704,3210,trunkZ,Hugh,jett,83,4,12,1,-8,0.23,55,0.27,2,3,-1,0,1,0,0,0,0,0,0,0,22,0,0
60704,14497,azez,Hugh,astra,66,2,13,2,-11,0.31,49,0.06,0,3,-3,0,0,0,0,0,0,0,0,0,19,1,0
60704,20343,mobi,Hugh,killjoy,65,2,13,0,-11,0.31,47,0.07,0,5,-5,0,0,0,0,0,0,0,0,0,18,0,0
60592,8496,gucc107,Akre,viper,280,23,18,9,5,0.71,182,0.28,1,1,0,4,3,0,0,0,0,0,0,0,63,4,0
60592,848,Kanpeki,Akre,chamber,261,21,19,3,2,0.75,165,0.2,3,5,-2,1,2,0,0,0,0,0,0,0,54,2,0
60592,2164,Paincakes,Akre,sova,178,17,14,4,3,0.71,124,0.56,1,3,-2,4,0,0,0,2,0,0,0,0,54,2,0
60592,619,C0M,Akre,skye,168,14,15,8,-1,0.75,107,0.24,2,0,2,3,1,0,0,0,1,0,0,0,42,0,0
60592,4387,Neon,Akre,jett,145,13,15,2,-2,0.54,79,0.21,1,7,-6,1,2,0,0,0,0,0,0,0,30,0,0
60592,8419,Reduxx,ex-FB,jett,311,26,13,4,13,0.71,194,0.3,7,2,5,5,2,2,0,2,0,0,0,0,81,0,2
60592,2450,Rustun,ex-FB,cypher,253,22,20,4,2,0.71,144,0.25,6,1,5,3,3,0,0,0,0,0,0,0,53,0,0
60592,15500,Habib,ex-FB,sova,163,12,19,8,-7,0.54,120,0.29,2,3,-1,4,0,0,0,0,0,0,0,0,47,0,0
60592,865,Nurfed,ex-FB,viper,155,13,18,5,-5,0.75,118,0.27,0,1,-1,3,0,0,0,0,0,0,0,0,49,2,0
60592,21668,Verno,ex-FB,skye,91,8,18,5,-10,0.58,63,0.06,1,1,0,1,0,0,0,1,0,0,0,0,24,1,1
